datetime,step,so2_pred,h2s_pred,temp_c,hum_pct,wind_kph,node_id
2026-05-14 16:53:10,1,282.3749,117.8453,16.47,100.0,0.0,1
2026-05-14 16:53:14,2,282.3749,117.8453,16.47,100.0,0.0,1
2026-05-14 16:53:18,3,282.3749,117.8453,16.47,100.0,0.0,1
2026-05-14 16:53:22,4,282.3749,117.8453,16.47,100.0,0.0,1
2026-05-14 16:53:26,5,282.3749,117.8453,16.47,100.0,0.0,1
2026-05-14 16:53:30,6,282.3749,117.8453,16.47,100.0,0.0,1
2026-05-14 16:53:34,7,282.3749,117.8453,16.47,100.0,0.0,1
2026-05-14 16:53:38,8,282.3749,117.8453,16.47,100.0,0.0,1
2026-05-14 16:53:42,9,282.3749,117.8453,16.47,100.0,0.0,1
2026-05-14 16:53:46,10,282.3749,117.8453,16.47,100.0,0.0,1
2026-05-14 16:53:50,11,282.3749,117.8453,16.47,100.0,0.0,1
2026-05-14 16:53:54,12,282.3749,117.8453,16.47,100.0,0.0,1
2026-05-14 16:53:58,13,282.3749,117.8453,16.47,100.0,0.0,1
2026-05-14 16:54:02,14,282.3749,117.8453,16.47,100.0,0.0,1
2026-05-14 16:54:06,15,282.3749,117.8453,16.47,100.0,0.0,1
2026-05-14 16:54:10,16,282.3749,117.8453,16.47,100.0,0.0,1
2026-05-14 16:54:14,17,282.3749,117.8453,16.47,100.0,0.0,1
2026-05-14 16:54:18,18,282.3749,117.8453,16.47,100.0,0.0,1
2026-05-14 16:54:22,19,282.3749,117.8453,16.47,100.0,0.0,1
2026-05-14 16:54:26,20,282.3749,117.8453,16.47,100.0,0.0,1
2026-05-14 16:54:30,21,282.3749,117.8453,16.47,100.0,0.0,1
2026-05-14 16:54:34,22,282.3749,117.8453,16.47,100.0,0.0,1
2026-05-14 16:54:38,23,282.3749,117.8453,16.47,100.0,0.0,1
2026-05-14 16:54:42,24,282.3749,117.8453,16.47,100.0,0.0,1
2026-05-14 16:54:46,25,282.3749,117.8453,16.47,100.0,0.0,1
2026-05-14 16:54:50,26,282.3749,117.8453,16.47,100.0,0.0,1
2026-05-14 16:54:54,27,282.3749,117.8453,16.47,100.0,0.0,1
2026-05-14 16:54:58,28,282.3749,117.8453,16.47,100.0,0.0,1
2026-05-14 16:55:02,29,282.3749,117.8453,16.47,100.0,0.0,1
2026-05-14 16:55:06,30,282.3749,117.8453,16.47,100.0,0.0,1
2026-05-14 16:55:10,31,282.3749,117.8453,16.47,100.0,0.0,1
2026-05-14 16:55:14,32,282.3749,117.8453,16.47,100.0,0.0,1
2026-05-14 16:55:18,33,282.3749,117.8453,16.47,100.0,0.0,1
2026-05-14 16:55:22,34,282.3749,117.8453,16.47,100.0,0.0,1
2026-05-14 16:55:26,35,282.3749,117.8453,16.47,100.0,0.0,1
2026-05-14 16:55:30,36,282.3749,117.8453,16.47,100.0,0.0,1
2026-05-14 16:55:34,37,282.3749,117.8453,16.47,100.0,0.0,1
2026-05-14 16:55:38,38,282.3749,117.8453,16.47,100.0,0.0,1
2026-05-14 16:55:42,39,282.3749,117.8453,16.47,100.0,0.0,1
2026-05-14 16:55:46,40,282.3749,117.8453,16.47,100.0,0.0,1
2026-05-14 16:55:50,41,282.3749,117.8453,16.47,100.0,0.0,1
2026-05-14 16:55:54,42,282.3749,117.8453,16.47,100.0,0.0,1
2026-05-14 16:55:58,43,282.3749,117.8453,16.47,100.0,0.0,1
2026-05-14 16:56:02,44,282.3749,117.8453,16.47,100.0,0.0,1
2026-05-14 16:56:06,45,282.3749,117.8453,16.47,100.0,0.0,1
2026-05-14 16:56:10,46,282.3749,117.8453,16.47,100.0,0.0,1
2026-05-14 16:56:14,47,282.3749,117.8453,16.47,100.0,0.0,1
2026-05-14 16:56:18,48,282.3749,117.8453,16.47,100.0,0.0,1
2026-05-14 16:56:22,49,282.3749,117.8453,16.47,100.0,0.0,1
2026-05-14 16:56:26,50,282.3749,117.8453,16.47,100.0,0.0,1
2026-05-14 16:56:30,51,282.3749,117.8453,16.47,100.0,0.0,1
2026-05-14 16:56:34,52,282.3749,117.8453,16.47,100.0,0.0,1
2026-05-14 16:56:38,53,282.3749,117.8453,16.47,100.0,0.0,1
2026-05-14 16:56:42,54,282.3749,117.8453,16.47,100.0,0.0,1
2026-05-14 16:56:46,55,282.3749,117.8453,16.47,100.0,0.0,1
2026-05-14 16:56:50,56,282.3749,117.8453,16.47,100.0,0.0,1
2026-05-14 16:56:54,57,282.3749,117.8453,16.47,100.0,0.0,1
2026-05-14 16:56:58,58,282.3749,117.8453,16.47,100.0,0.0,1
2026-05-14 16:57:02,59,282.3749,117.8453,16.47,100.0,0.0,1
2026-05-14 16:57:06,60,282.3749,117.8453,16.47,100.0,0.0,1
2026-05-14 16:57:10,61,282.3749,117.8453,16.47,100.0,0.0,1
2026-05-14 16:57:14,62,282.3749,117.8453,16.47,100.0,0.0,1
2026-05-14 16:57:18,63,282.3749,117.8453,16.47,100.0,0.0,1
2026-05-14 16:57:22,64,282.3749,117.8453,16.47,100.0,0.0,1
2026-05-14 16:57:26,65,282.3749,117.8453,16.47,100.0,0.0,1
2026-05-14 16:57:30,66,282.3749,117.8453,16.47,100.0,0.0,1
2026-05-14 16:57:34,67,282.3749,117.8453,16.47,100.0,0.0,1
2026-05-14 16:57:38,68,282.3749,117.8453,16.47,100.0,0.0,1
2026-05-14 16:57:42,69,282.3749,117.8453,16.47,100.0,0.0,1
2026-05-14 16:57:46,70,282.3749,117.8453,16.47,100.0,0.0,1
2026-05-14 16:57:50,71,282.3749,117.8453,16.47,100.0,0.0,1
2026-05-14 16:57:54,72,282.3749,117.8453,16.47,100.0,0.0,1
2026-05-14 16:57:58,73,282.3749,117.8453,16.47,100.0,0.0,1
2026-05-14 16:58:02,74,282.3749,117.8453,16.47,100.0,0.0,1
2026-05-14 16:58:06,75,282.3749,117.8453,16.47,100.0,0.0,1
2026-05-14 16:58:10,76,282.3749,117.8453,16.47,100.0,0.0,1
2026-05-14 16:58:14,77,282.3749,117.8453,16.47,100.0,0.0,1
2026-05-14 16:58:18,78,282.3749,117.8453,16.47,100.0,0.0,1
2026-05-14 16:58:22,79,282.3749,117.8453,16.47,100.0,0.0,1
2026-05-14 16:58:26,80,282.3749,117.8453,16.47,100.0,0.0,1
2026-05-14 16:58:30,81,282.3749,117.8453,16.47,100.0,0.0,1
2026-05-14 16:58:34,82,282.3749,117.8453,16.47,100.0,0.0,1
2026-05-14 16:58:38,83,282.3749,117.8453,16.47,100.0,0.0,1
2026-05-14 16:58:42,84,282.3749,117.8453,16.47,100.0,0.0,1
2026-05-14 16:58:46,85,282.3749,117.8453,16.47,100.0,0.0,1
2026-05-14 16:58:50,86,282.3749,117.8453,16.47,100.0,0.0,1
2026-05-14 16:58:54,87,282.3749,117.8453,16.47,100.0,0.0,1
2026-05-14 16:58:58,88,282.3749,117.8453,16.47,100.0,0.0,1
2026-05-14 16:59:02,89,282.3749,117.8453,16.47,100.0,0.0,1
2026-05-14 16:59:06,90,282.3749,117.8453,16.47,100.0,0.0,1
2026-05-14 16:59:10,91,282.3749,117.8453,16.47,100.0,0.0,1
2026-05-14 16:59:14,92,282.3749,117.8453,16.47,100.0,0.0,1
2026-05-14 16:59:18,93,282.3749,117.8453,16.47,100.0,0.0,1
2026-05-14 16:59:22,94,282.3749,117.8453,16.47,100.0,0.0,1
2026-05-14 16:59:26,95,282.3749,117.8453,16.47,100.0,0.0,1
2026-05-14 16:59:30,96,282.3749,117.8453,16.47,100.0,0.0,1
2026-05-14 16:59:34,97,282.3749,117.8453,16.47,100.0,0.0,1
2026-05-14 16:59:38,98,282.3749,117.8453,16.47,100.0,0.0,1
2026-05-14 16:59:42,99,282.3749,117.8453,16.47,100.0,0.0,1
2026-05-14 16:59:46,100,282.3749,117.8453,16.47,100.0,0.0,1
2026-05-14 16:59:50,101,282.3749,117.8453,16.47,100.0,0.0,1
2026-05-14 16:59:54,102,282.3749,117.8453,16.47,100.0,0.0,1
2026-05-14 16:59:58,103,282.3749,117.8453,16.47,100.0,0.0,1
2026-05-14 17:00:02,104,282.3749,117.8453,16.47,100.0,0.0,1
2026-05-14 17:00:06,105,282.3749,117.8453,16.47,100.0,0.0,1
2026-05-14 17:00:10,106,282.3749,117.8453,16.47,100.0,0.0,1
2026-05-14 17:00:14,107,282.3749,117.8453,16.47,100.0,0.0,1
2026-05-14 17:00:18,108,282.3749,117.8453,16.47,100.0,0.0,1
2026-05-14 17:00:22,109,282.3749,117.8453,16.47,100.0,0.0,1
2026-05-14 17:00:26,110,282.3749,117.8453,16.47,100.0,0.0,1
2026-05-14 17:00:30,111,282.3749,117.8453,16.47,100.0,0.0,1
2026-05-14 17:00:34,112,282.3749,117.8453,16.47,100.0,0.0,1
2026-05-14 17:00:38,113,282.3749,117.8453,16.47,100.0,0.0,1
2026-05-14 17:00:42,114,282.3749,117.8453,16.47,100.0,0.0,1
2026-05-14 17:00:46,115,282.3749,117.8453,16.47,100.0,0.0,1
2026-05-14 17:00:50,116,282.3749,117.8453,16.47,100.0,0.0,1
2026-05-14 17:00:54,117,282.3749,117.8453,16.47,100.0,0.0,1
2026-05-14 17:00:58,118,282.3749,117.8453,16.47,100.0,0.0,1
2026-05-14 17:01:02,119,282.3749,117.8453,16.47,100.0,0.0,1
2026-05-14 17:01:06,120,282.3749,117.8453,16.47,100.0,0.0,1
2026-05-14 17:01:10,121,282.3749,117.8453,16.47,100.0,0.0,1
2026-05-14 17:01:14,122,282.3749,117.8453,16.47,100.0,0.0,1
2026-05-14 17:01:18,123,282.3749,117.8453,16.47,100.0,0.0,1
2026-05-14 17:01:22,124,282.3749,117.8453,16.47,100.0,0.0,1
2026-05-14 17:01:26,125,282.3749,117.8453,16.47,100.0,0.0,1
2026-05-14 17:01:30,126,282.3749,117.8453,16.47,100.0,0.0,1
2026-05-14 17:01:34,127,282.3749,117.8453,16.47,100.0,0.0,1
2026-05-14 17:01:38,128,282.3749,117.8453,16.47,100.0,0.0,1
2026-05-14 17:01:42,129,282.3749,117.8453,16.47,100.0,0.0,1
2026-05-14 17:01:46,130,282.3749,117.8453,16.47,100.0,0.0,1
2026-05-14 17:01:50,131,282.3749,117.8453,16.47,100.0,0.0,1
2026-05-14 17:01:54,132,282.3749,117.8453,16.47,100.0,0.0,1
2026-05-14 17:01:58,133,282.3749,117.8453,16.47,100.0,0.0,1
2026-05-14 17:02:02,134,282.3749,117.8453,16.47,100.0,0.0,1
2026-05-14 17:02:06,135,282.3749,117.8453,16.47,100.0,0.0,1
2026-05-14 17:02:10,136,282.3749,117.8453,16.47,100.0,0.0,1
2026-05-14 17:02:14,137,282.3749,117.8453,16.47,100.0,0.0,1
2026-05-14 17:02:18,138,282.3749,117.8453,16.47,100.0,0.0,1
2026-05-14 17:02:22,139,282.3749,117.8453,16.47,100.0,0.0,1
2026-05-14 17:02:26,140,282.3749,117.8453,16.47,100.0,0.0,1
2026-05-14 17:02:30,141,282.3749,117.8453,16.47,100.0,0.0,1
2026-05-14 17:02:34,142,282.3749,117.8453,16.47,100.0,0.0,1
2026-05-14 17:02:38,143,282.3749,117.8453,16.47,100.0,0.0,1
2026-05-14 17:02:42,144,282.3749,117.8453,16.47,100.0,0.0,1
2026-05-14 17:02:46,145,282.3749,117.8453,16.47,100.0,0.0,1
2026-05-14 17:02:50,146,282.3749,117.8453,16.47,100.0,0.0,1
2026-05-14 17:02:54,147,282.3749,117.8453,16.47,100.0,0.0,1
2026-05-14 17:02:58,148,282.3749,117.8453,16.47,100.0,0.0,1
2026-05-14 17:03:02,149,282.3749,117.8453,16.47,100.0,0.0,1
2026-05-14 17:03:06,150,282.3749,117.8453,16.47,100.0,0.0,1
2026-05-14 17:03:10,151,282.3749,117.8453,16.47,100.0,0.0,1
2026-05-14 17:03:14,152,282.3749,117.8453,16.47,100.0,0.0,1
2026-05-14 17:03:18,153,282.3749,117.8453,16.47,100.0,0.0,1
2026-05-14 17:03:22,154,282.3749,117.8453,16.47,100.0,0.0,1
2026-05-14 17:03:26,155,282.3749,117.8453,16.47,100.0,0.0,1
2026-05-14 17:03:30,156,282.3749,117.8453,16.47,100.0,0.0,1
2026-05-14 17:03:34,157,282.3749,117.8453,16.47,100.0,0.0,1
2026-05-14 17:03:38,158,282.3749,117.8453,16.47,100.0,0.0,1
2026-05-14 17:03:42,159,282.3749,117.8453,16.47,100.0,0.0,1
2026-05-14 17:03:46,160,282.3749,117.8453,16.47,100.0,0.0,1
2026-05-14 17:03:50,161,282.3749,117.8453,16.47,100.0,0.0,1
2026-05-14 17:03:54,162,282.3749,117.8453,16.47,100.0,0.0,1
2026-05-14 17:03:58,163,282.3749,117.8453,16.47,100.0,0.0,1
2026-05-14 17:04:02,164,282.3749,117.8453,16.47,100.0,0.0,1
2026-05-14 17:04:06,165,282.3749,117.8453,16.47,100.0,0.0,1
2026-05-14 17:04:10,166,282.3749,117.8453,16.47,100.0,0.0,1
2026-05-14 17:04:14,167,282.3749,117.8453,16.47,100.0,0.0,1
2026-05-14 17:04:18,168,282.3749,117.8453,16.47,100.0,0.0,1
2026-05-14 17:04:22,169,282.3749,117.8453,16.47,100.0,0.0,1
2026-05-14 17:04:26,170,282.3749,117.8453,16.47,100.0,0.0,1
2026-05-14 17:04:30,171,282.3749,117.8453,16.47,100.0,0.0,1
2026-05-14 17:04:34,172,282.3749,117.8453,16.47,100.0,0.0,1
2026-05-14 17:04:38,173,282.3749,117.8453,16.47,100.0,0.0,1
2026-05-14 17:04:42,174,282.3749,117.8453,16.47,100.0,0.0,1
2026-05-14 17:04:46,175,282.3749,117.8453,16.47,100.0,0.0,1
2026-05-14 17:04:50,176,282.3749,117.8453,16.47,100.0,0.0,1
2026-05-14 17:04:54,177,282.3749,117.8453,16.47,100.0,0.0,1
2026-05-14 17:04:58,178,282.3749,117.8453,16.47,100.0,0.0,1
2026-05-14 17:05:02,179,282.3749,117.8453,16.47,100.0,0.0,1
2026-05-14 17:05:06,180,282.3749,117.8453,16.47,100.0,0.0,1
2026-05-14 17:05:10,181,282.3749,117.8453,16.47,100.0,0.0,1
2026-05-14 17:05:14,182,282.3749,117.8453,16.47,100.0,0.0,1
2026-05-14 17:05:18,183,282.3749,117.8453,16.47,100.0,0.0,1
2026-05-14 17:05:22,184,282.3749,117.8453,16.47,100.0,0.0,1
2026-05-14 17:05:26,185,282.3749,117.8453,16.47,100.0,0.0,1
2026-05-14 17:05:30,186,282.3749,117.8453,16.47,100.0,0.0,1
2026-05-14 17:05:34,187,282.3749,117.8453,16.47,100.0,0.0,1
2026-05-14 17:05:38,188,282.3749,117.8453,16.47,100.0,0.0,1
2026-05-14 17:05:42,189,282.3749,117.8453,16.47,100.0,0.0,1
2026-05-14 17:05:46,190,282.3749,117.8453,16.47,100.0,0.0,1
2026-05-14 17:05:50,191,282.3749,117.8453,16.47,100.0,0.0,1
2026-05-14 17:05:54,192,282.3749,117.8453,16.47,100.0,0.0,1
2026-05-14 17:05:58,193,282.3749,117.8453,16.47,100.0,0.0,1
2026-05-14 17:06:02,194,282.3749,117.8453,16.47,100.0,0.0,1
2026-05-14 17:06:06,195,282.3749,117.8453,16.47,100.0,0.0,1
2026-05-14 17:06:10,196,282.3749,117.8453,16.47,100.0,0.0,1
2026-05-14 17:06:14,197,282.3749,117.8453,16.47,100.0,0.0,1
2026-05-14 17:06:18,198,282.3749,117.8453,16.47,100.0,0.0,1
2026-05-14 17:06:22,199,282.3749,117.8453,16.47,100.0,0.0,1
2026-05-14 17:06:26,200,282.3749,117.8453,16.47,100.0,0.0,1
2026-05-14 17:06:30,201,282.3749,117.8453,16.47,100.0,0.0,1
2026-05-14 17:06:34,202,282.3749,117.8453,16.47,100.0,0.0,1
2026-05-14 17:06:38,203,282.3749,117.8453,16.47,100.0,0.0,1
2026-05-14 17:06:42,204,282.3749,117.8453,16.47,100.0,0.0,1
2026-05-14 17:06:46,205,282.3749,117.8453,16.47,100.0,0.0,1
2026-05-14 17:06:50,206,282.3749,117.8453,16.47,100.0,0.0,1
2026-05-14 17:06:54,207,282.3749,117.8453,16.47,100.0,0.0,1
2026-05-14 17:06:58,208,282.3749,117.8453,16.47,100.0,0.0,1
2026-05-14 17:07:02,209,282.3749,117.8453,16.47,100.0,0.0,1
2026-05-14 17:07:06,210,282.3749,117.8453,16.47,100.0,0.0,1
2026-05-14 17:07:10,211,282.3749,117.8453,16.47,100.0,0.0,1
2026-05-14 17:07:14,212,282.3749,117.8453,16.47,100.0,0.0,1
2026-05-14 17:07:18,213,282.3749,117.8453,16.47,100.0,0.0,1
2026-05-14 17:07:22,214,282.3749,117.8453,16.47,100.0,0.0,1
2026-05-14 17:07:26,215,282.3749,117.8453,16.47,100.0,0.0,1
2026-05-14 17:07:30,216,282.3749,117.8453,16.47,100.0,0.0,1
2026-05-14 17:07:34,217,282.3749,117.8453,16.47,100.0,0.0,1
2026-05-14 17:07:38,218,282.3749,117.8453,16.47,100.0,0.0,1
2026-05-14 17:07:42,219,282.3749,117.8453,16.47,100.0,0.0,1
2026-05-14 17:07:46,220,282.3749,117.8453,16.47,100.0,0.0,1
2026-05-14 17:07:50,221,282.3749,117.8453,16.47,100.0,0.0,1
2026-05-14 17:07:54,222,282.3749,117.8453,16.47,100.0,0.0,1
2026-05-14 17:07:58,223,282.3749,117.8453,16.47,100.0,0.0,1
2026-05-14 17:08:02,224,282.3749,117.8453,16.47,100.0,0.0,1
2026-05-14 17:08:06,225,282.3749,117.8453,16.47,100.0,0.0,1
2026-05-14 17:08:10,226,282.3749,117.8453,16.47,100.0,0.0,1
2026-05-14 17:08:14,227,282.3749,117.8453,16.47,100.0,0.0,1
2026-05-14 17:08:18,228,282.3749,117.8453,16.47,100.0,0.0,1
2026-05-14 17:08:22,229,282.3749,117.8453,16.47,100.0,0.0,1
2026-05-14 17:08:26,230,282.3749,117.8453,16.47,100.0,0.0,1
2026-05-14 17:08:30,231,282.3749,117.8453,16.47,100.0,0.0,1
2026-05-14 17:08:34,232,282.3749,117.8453,16.47,100.0,0.0,1
2026-05-14 17:08:38,233,282.3749,117.8453,16.47,100.0,0.0,1
2026-05-14 17:08:42,234,282.3749,117.8453,16.47,100.0,0.0,1
2026-05-14 17:08:46,235,282.3749,117.8453,16.47,100.0,0.0,1
2026-05-14 17:08:50,236,282.3749,117.8453,16.47,100.0,0.0,1
2026-05-14 17:08:54,237,282.3749,117.8453,16.47,100.0,0.0,1
2026-05-14 17:08:58,238,282.3749,117.8453,16.47,100.0,0.0,1
2026-05-14 17:09:02,239,282.3749,117.8453,16.47,100.0,0.0,1
2026-05-14 17:09:06,240,282.3749,117.8453,16.47,100.0,0.0,1
2026-05-14 17:09:10,241,282.3749,117.8453,16.47,100.0,0.0,1
2026-05-14 17:09:14,242,282.3749,117.8453,16.47,100.0,0.0,1
2026-05-14 17:09:18,243,282.3749,117.8453,16.47,100.0,0.0,1
2026-05-14 17:09:22,244,282.3749,117.8453,16.47,100.0,0.0,1
2026-05-14 17:09:26,245,282.3749,117.8453,16.47,100.0,0.0,1
2026-05-14 17:09:30,246,282.3749,117.8453,16.47,100.0,0.0,1
2026-05-14 17:09:34,247,282.3749,117.8453,16.47,100.0,0.0,1
2026-05-14 17:09:38,248,282.3749,117.8453,16.47,100.0,0.0,1
2026-05-14 17:09:42,249,282.3749,117.8453,16.47,100.0,0.0,1
2026-05-14 17:09:46,250,282.3749,117.8453,16.47,100.0,0.0,1
2026-05-14 17:09:50,251,282.3749,117.8453,16.47,100.0,0.0,1
2026-05-14 17:09:54,252,282.3749,117.8453,16.47,100.0,0.0,1
2026-05-14 17:09:58,253,282.3749,117.8453,16.47,100.0,0.0,1
2026-05-14 17:10:02,254,282.3749,117.8453,16.47,100.0,0.0,1
2026-05-14 17:10:06,255,282.3749,117.8453,16.47,100.0,0.0,1
2026-05-14 17:10:10,256,282.3749,117.8453,16.47,100.0,0.0,1
2026-05-14 17:10:14,257,282.3749,117.8453,16.47,100.0,0.0,1
2026-05-14 17:10:18,258,282.3749,117.8453,16.47,100.0,0.0,1
2026-05-14 17:10:22,259,282.3749,117.8453,16.47,100.0,0.0,1
2026-05-14 17:10:26,260,282.3749,117.8453,16.47,100.0,0.0,1
2026-05-14 17:10:30,261,282.3749,117.8453,16.47,100.0,0.0,1
2026-05-14 17:10:34,262,282.3749,117.8453,16.47,100.0,0.0,1
2026-05-14 17:10:38,263,282.3749,117.8453,16.47,100.0,0.0,1
2026-05-14 17:10:42,264,282.3749,117.8453,16.47,100.0,0.0,1
2026-05-14 17:10:46,265,282.3749,117.8453,16.47,100.0,0.0,1
2026-05-14 17:10:50,266,282.3749,117.8453,16.47,100.0,0.0,1
2026-05-14 17:10:54,267,282.3749,117.8453,16.47,100.0,0.0,1
2026-05-14 17:10:58,268,282.3749,117.8453,16.47,100.0,0.0,1
2026-05-14 17:11:02,269,282.3749,117.8453,16.47,100.0,0.0,1
2026-05-14 17:11:06,270,282.3749,117.8453,16.47,100.0,0.0,1
2026-05-14 17:11:10,271,282.3749,117.8453,16.47,100.0,0.0,1
2026-05-14 17:11:14,272,282.3749,117.8453,16.47,100.0,0.0,1
2026-05-14 17:11:18,273,282.3749,117.8453,16.47,100.0,0.0,1
2026-05-14 17:11:22,274,282.3749,117.8453,16.47,100.0,0.0,1
2026-05-14 17:11:26,275,282.3749,117.8453,16.47,100.0,0.0,1
2026-05-14 17:11:30,276,282.3749,117.8453,16.47,100.0,0.0,1
2026-05-14 17:11:34,277,282.3749,117.8453,16.47,100.0,0.0,1
2026-05-14 17:11:38,278,282.3749,117.8453,16.47,100.0,0.0,1
2026-05-14 17:11:42,279,282.3749,117.8453,16.47,100.0,0.0,1
2026-05-14 17:11:46,280,282.3749,117.8453,16.47,100.0,0.0,1
2026-05-14 17:11:50,281,282.3749,117.8453,16.47,100.0,0.0,1
2026-05-14 17:11:54,282,282.3749,117.8453,16.47,100.0,0.0,1
2026-05-14 17:11:58,283,282.3749,117.8453,16.47,100.0,0.0,1
2026-05-14 17:12:02,284,282.3749,117.8453,16.47,100.0,0.0,1
2026-05-14 17:12:06,285,282.3749,117.8453,16.47,100.0,0.0,1
2026-05-14 17:12:10,286,282.3749,117.8453,16.47,100.0,0.0,1
2026-05-14 17:12:14,287,282.3749,117.8453,16.47,100.0,0.0,1
2026-05-14 17:12:18,288,282.3749,117.8453,16.47,100.0,0.0,1
2026-05-14 17:12:22,289,282.3749,117.8453,16.47,100.0,0.0,1
2026-05-14 17:12:26,290,282.3749,117.8453,16.47,100.0,0.0,1
2026-05-14 17:12:30,291,282.3749,117.8453,16.47,100.0,0.0,1
2026-05-14 17:12:34,292,282.3749,117.8453,16.47,100.0,0.0,1
2026-05-14 17:12:38,293,282.3749,117.8453,16.47,100.0,0.0,1
2026-05-14 17:12:42,294,282.3749,117.8453,16.47,100.0,0.0,1
2026-05-14 17:12:46,295,282.3749,117.8453,16.47,100.0,0.0,1
2026-05-14 17:12:50,296,282.3749,117.8453,16.47,100.0,0.0,1
2026-05-14 17:12:54,297,282.3749,117.8453,16.47,100.0,0.0,1
2026-05-14 17:12:58,298,282.3749,117.8453,16.47,100.0,0.0,1
2026-05-14 17:13:02,299,282.3749,117.8453,16.47,100.0,0.0,1
2026-05-14 17:13:06,300,282.3749,117.8453,16.47,100.0,0.0,1
2026-05-14 17:13:10,301,282.3749,117.8453,16.47,100.0,0.0,1
2026-05-14 17:13:14,302,282.3749,117.8453,16.47,100.0,0.0,1
2026-05-14 17:13:18,303,282.3749,117.8453,16.47,100.0,0.0,1
2026-05-14 17:13:22,304,282.3749,117.8453,16.47,100.0,0.0,1
2026-05-14 17:13:26,305,282.3749,117.8453,16.47,100.0,0.0,1
2026-05-14 17:13:30,306,282.3749,117.8453,16.47,100.0,0.0,1
2026-05-14 17:13:34,307,282.3749,117.8453,16.47,100.0,0.0,1
2026-05-14 17:13:38,308,282.3749,117.8453,16.47,100.0,0.0,1
2026-05-14 17:13:42,309,282.3749,117.8453,16.47,100.0,0.0,1
2026-05-14 17:13:46,310,282.3749,117.8453,16.47,100.0,0.0,1
2026-05-14 17:13:50,311,282.3749,117.8453,16.47,100.0,0.0,1
2026-05-14 17:13:54,312,282.3749,117.8453,16.47,100.0,0.0,1
2026-05-14 17:13:58,313,282.3749,117.8453,16.47,100.0,0.0,1
2026-05-14 17:14:02,314,282.3749,117.8453,16.47,100.0,0.0,1
2026-05-14 17:14:06,315,282.3749,117.8453,16.47,100.0,0.0,1
2026-05-14 17:14:10,316,282.3749,117.8453,16.47,100.0,0.0,1
2026-05-14 17:14:14,317,282.3749,117.8453,16.47,100.0,0.0,1
2026-05-14 17:14:18,318,282.3749,117.8453,16.47,100.0,0.0,1
2026-05-14 17:14:22,319,282.3749,117.8453,16.47,100.0,0.0,1
2026-05-14 17:14:26,320,282.3749,117.8453,16.47,100.0,0.0,1
2026-05-14 17:14:30,321,282.3749,117.8453,16.47,100.0,0.0,1
2026-05-14 17:14:34,322,282.3749,117.8453,16.47,100.0,0.0,1
2026-05-14 17:14:38,323,282.3749,117.8453,16.47,100.0,0.0,1
2026-05-14 17:14:42,324,282.3749,117.8453,16.47,100.0,0.0,1
2026-05-14 17:14:46,325,282.3749,117.8453,16.47,100.0,0.0,1
2026-05-14 17:14:50,326,282.3749,117.8453,16.47,100.0,0.0,1
2026-05-14 17:14:54,327,282.3749,117.8453,16.47,100.0,0.0,1
2026-05-14 17:14:58,328,282.3749,117.8453,16.47,100.0,0.0,1
2026-05-14 17:15:02,329,282.3749,117.8453,16.47,100.0,0.0,1
2026-05-14 17:15:06,330,282.3749,117.8453,16.47,100.0,0.0,1
2026-05-14 17:15:10,331,282.3749,117.8453,16.47,100.0,0.0,1
2026-05-14 17:15:14,332,282.3749,117.8453,16.47,100.0,0.0,1
2026-05-14 17:15:18,333,282.3749,117.8453,16.47,100.0,0.0,1
2026-05-14 17:15:22,334,282.3749,117.8453,16.47,100.0,0.0,1
2026-05-14 17:15:26,335,282.3749,117.8453,16.47,100.0,0.0,1
2026-05-14 17:15:30,336,282.3749,117.8453,16.47,100.0,0.0,1
2026-05-14 17:15:34,337,282.3749,117.8453,16.47,100.0,0.0,1
2026-05-14 17:15:38,338,282.3749,117.8453,16.47,100.0,0.0,1
2026-05-14 17:15:42,339,282.3749,117.8453,16.47,100.0,0.0,1
2026-05-14 17:15:46,340,282.3749,117.8453,16.47,100.0,0.0,1
2026-05-14 17:15:50,341,282.3749,117.8453,16.47,100.0,0.0,1
2026-05-14 17:15:54,342,282.3749,117.8453,16.47,100.0,0.0,1
2026-05-14 17:15:58,343,282.3749,117.8453,16.47,100.0,0.0,1
2026-05-14 17:16:02,344,282.3749,117.8453,16.47,100.0,0.0,1
2026-05-14 17:16:06,345,282.3749,117.8453,16.47,100.0,0.0,1
2026-05-14 17:16:10,346,282.3749,117.8453,16.47,100.0,0.0,1
2026-05-14 17:16:14,347,282.3749,117.8453,16.47,100.0,0.0,1
2026-05-14 17:16:18,348,282.3749,117.8453,16.47,100.0,0.0,1
2026-05-14 17:16:22,349,282.3749,117.8453,16.47,100.0,0.0,1
2026-05-14 17:16:26,350,282.3749,117.8453,16.47,100.0,0.0,1
2026-05-14 17:16:30,351,282.3749,117.8453,16.47,100.0,0.0,1
2026-05-14 17:16:34,352,282.3749,117.8453,16.47,100.0,0.0,1
2026-05-14 17:16:38,353,282.3749,117.8453,16.47,100.0,0.0,1
2026-05-14 17:16:42,354,282.3749,117.8453,16.47,100.0,0.0,1
2026-05-14 17:16:46,355,282.3749,117.8453,16.47,100.0,0.0,1
2026-05-14 17:16:50,356,282.3749,117.8453,16.47,100.0,0.0,1
2026-05-14 17:16:54,357,282.3749,117.8453,16.47,100.0,0.0,1
2026-05-14 17:16:58,358,282.3749,117.8453,16.47,100.0,0.0,1
2026-05-14 17:17:02,359,282.3749,117.8453,16.47,100.0,0.0,1
2026-05-14 17:17:06,360,282.3749,117.8453,16.47,100.0,0.0,1
2026-05-14 17:17:10,361,282.3749,117.8453,16.47,100.0,0.0,1
2026-05-14 17:17:14,362,282.3749,117.8453,16.47,100.0,0.0,1
2026-05-14 17:17:18,363,282.3749,117.8453,16.47,100.0,0.0,1
2026-05-14 17:17:22,364,282.3749,117.8453,16.47,100.0,0.0,1
2026-05-14 17:17:26,365,282.3749,117.8453,16.47,100.0,0.0,1
2026-05-14 17:17:30,366,282.3749,117.8453,16.47,100.0,0.0,1
2026-05-14 17:17:34,367,282.3749,117.8453,16.47,100.0,0.0,1
2026-05-14 17:17:38,368,282.3749,117.8453,16.47,100.0,0.0,1
2026-05-14 17:17:42,369,282.3749,117.8453,16.47,100.0,0.0,1
2026-05-14 17:17:46,370,282.3749,117.8453,16.47,100.0,0.0,1
2026-05-14 17:17:50,371,282.3749,117.8453,16.47,100.0,0.0,1
2026-05-14 17:17:54,372,282.3749,117.8453,16.47,100.0,0.0,1
2026-05-14 17:17:58,373,282.3749,117.8453,16.47,100.0,0.0,1
2026-05-14 17:18:02,374,282.3749,117.8453,16.47,100.0,0.0,1
2026-05-14 17:18:06,375,282.3749,117.8453,16.47,100.0,0.0,1
2026-05-14 17:18:10,376,282.3749,117.8453,16.47,100.0,0.0,1
2026-05-14 17:18:14,377,282.3749,117.8453,16.47,100.0,0.0,1
2026-05-14 17:18:18,378,282.3749,117.8453,16.47,100.0,0.0,1
2026-05-14 17:18:22,379,282.3749,117.8453,16.47,100.0,0.0,1
2026-05-14 17:18:26,380,282.3749,117.8453,16.47,100.0,0.0,1
2026-05-14 17:18:30,381,282.3749,117.8453,16.47,100.0,0.0,1
2026-05-14 17:18:34,382,282.3749,117.8453,16.47,100.0,0.0,1
2026-05-14 17:18:38,383,282.3749,117.8453,16.47,100.0,0.0,1
2026-05-14 17:18:42,384,282.3749,117.8453,16.47,100.0,0.0,1
2026-05-14 17:18:46,385,282.3749,117.8453,16.47,100.0,0.0,1
2026-05-14 17:18:50,386,282.3749,117.8453,16.47,100.0,0.0,1
2026-05-14 17:18:54,387,282.3749,117.8453,16.47,100.0,0.0,1
2026-05-14 17:18:58,388,282.3749,117.8453,16.47,100.0,0.0,1
2026-05-14 17:19:02,389,282.3749,117.8453,16.47,100.0,0.0,1
2026-05-14 17:19:06,390,282.3749,117.8453,16.47,100.0,0.0,1
2026-05-14 17:19:10,391,282.3749,117.8453,16.47,100.0,0.0,1
2026-05-14 17:19:14,392,282.3749,117.8453,16.47,100.0,0.0,1
2026-05-14 17:19:18,393,282.3749,117.8453,16.47,100.0,0.0,1
2026-05-14 17:19:22,394,282.3749,117.8453,16.47,100.0,0.0,1
2026-05-14 17:19:26,395,282.3749,117.8453,16.47,100.0,0.0,1
2026-05-14 17:19:30,396,282.3749,117.8453,16.47,100.0,0.0,1
2026-05-14 17:19:34,397,282.3749,117.8453,16.47,100.0,0.0,1
2026-05-14 17:19:38,398,282.3749,117.8453,16.47,100.0,0.0,1
2026-05-14 17:19:42,399,282.3749,117.8453,16.47,100.0,0.0,1
2026-05-14 17:19:46,400,282.3749,117.8453,16.47,100.0,0.0,1
2026-05-14 17:19:50,401,282.3749,117.8453,16.47,100.0,0.0,1
2026-05-14 17:19:54,402,282.3749,117.8453,16.47,100.0,0.0,1
2026-05-14 17:19:58,403,282.3749,117.8453,16.47,100.0,0.0,1
2026-05-14 17:20:02,404,282.3749,117.8453,16.47,100.0,0.0,1
2026-05-14 17:20:06,405,282.3749,117.8453,16.47,100.0,0.0,1
2026-05-14 17:20:10,406,282.3749,117.8453,16.47,100.0,0.0,1
2026-05-14 17:20:14,407,282.3749,117.8453,16.47,100.0,0.0,1
2026-05-14 17:20:18,408,282.3749,117.8453,16.47,100.0,0.0,1
2026-05-14 17:20:22,409,282.3749,117.8453,16.47,100.0,0.0,1
2026-05-14 17:20:26,410,282.3749,117.8453,16.47,100.0,0.0,1
2026-05-14 17:20:30,411,282.3749,117.8453,16.47,100.0,0.0,1
2026-05-14 17:20:34,412,282.3749,117.8453,16.47,100.0,0.0,1
2026-05-14 17:20:38,413,282.3749,117.8453,16.47,100.0,0.0,1
2026-05-14 17:20:42,414,282.3749,117.8453,16.47,100.0,0.0,1
2026-05-14 17:20:46,415,282.3749,117.8453,16.47,100.0,0.0,1
2026-05-14 17:20:50,416,282.3749,117.8453,16.47,100.0,0.0,1
2026-05-14 17:20:54,417,282.3749,117.8453,16.47,100.0,0.0,1
2026-05-14 17:20:58,418,282.3749,117.8453,16.47,100.0,0.0,1
2026-05-14 17:21:02,419,282.3749,117.8453,16.47,100.0,0.0,1
2026-05-14 17:21:06,420,282.3749,117.8453,16.47,100.0,0.0,1
2026-05-14 17:21:10,421,282.3749,117.8453,16.47,100.0,0.0,1
2026-05-14 17:21:14,422,282.3749,117.8453,16.47,100.0,0.0,1
2026-05-14 17:21:18,423,282.3749,117.8453,16.47,100.0,0.0,1
2026-05-14 17:21:22,424,282.3749,117.8453,16.47,100.0,0.0,1
2026-05-14 17:21:26,425,282.3749,117.8453,16.47,100.0,0.0,1
2026-05-14 17:21:30,426,282.3749,117.8453,16.47,100.0,0.0,1
2026-05-14 17:21:34,427,282.3749,117.8453,16.47,100.0,0.0,1
2026-05-14 17:21:38,428,282.3749,117.8453,16.47,100.0,0.0,1
2026-05-14 17:21:42,429,282.3749,117.8453,16.47,100.0,0.0,1
2026-05-14 17:21:46,430,282.3749,117.8453,16.47,100.0,0.0,1
2026-05-14 17:21:50,431,282.3749,117.8453,16.47,100.0,0.0,1
2026-05-14 17:21:54,432,282.3749,117.8453,16.47,100.0,0.0,1
2026-05-14 17:21:58,433,282.3749,117.8453,16.47,100.0,0.0,1
2026-05-14 17:22:02,434,282.3749,117.8453,16.47,100.0,0.0,1
2026-05-14 17:22:06,435,282.3749,117.8453,16.47,100.0,0.0,1
2026-05-14 17:22:10,436,282.3749,117.8453,16.47,100.0,0.0,1
2026-05-14 17:22:14,437,282.3749,117.8453,16.47,100.0,0.0,1
2026-05-14 17:22:18,438,282.3749,117.8453,16.47,100.0,0.0,1
2026-05-14 17:22:22,439,282.3749,117.8453,16.47,100.0,0.0,1
2026-05-14 17:22:26,440,282.3749,117.8453,16.47,100.0,0.0,1
2026-05-14 17:22:30,441,282.3749,117.8453,16.47,100.0,0.0,1
2026-05-14 17:22:34,442,282.3749,117.8453,16.47,100.0,0.0,1
2026-05-14 17:22:38,443,282.3749,117.8453,16.47,100.0,0.0,1
2026-05-14 17:22:42,444,282.3749,117.8453,16.47,100.0,0.0,1
2026-05-14 17:22:46,445,282.3749,117.8453,16.47,100.0,0.0,1
2026-05-14 17:22:50,446,282.3749,117.8453,16.47,100.0,0.0,1
2026-05-14 17:22:54,447,282.3749,117.8453,16.47,100.0,0.0,1
2026-05-14 17:22:58,448,282.3749,117.8453,16.47,100.0,0.0,1
2026-05-14 17:23:02,449,282.3749,117.8453,16.47,100.0,0.0,1
2026-05-14 17:23:06,450,282.3749,117.8453,16.47,100.0,0.0,1
2026-05-14 17:23:10,451,282.3749,117.8453,16.47,100.0,0.0,1
2026-05-14 17:23:14,452,282.3749,117.8453,16.47,100.0,0.0,1
2026-05-14 17:23:18,453,282.3749,117.8453,16.47,100.0,0.0,1
2026-05-14 17:23:22,454,282.3749,117.8453,16.47,100.0,0.0,1
2026-05-14 17:23:26,455,282.3749,117.8453,16.47,100.0,0.0,1
2026-05-14 17:23:30,456,282.3749,117.8453,16.47,100.0,0.0,1
2026-05-14 17:23:34,457,282.3749,117.8453,16.47,100.0,0.0,1
2026-05-14 17:23:38,458,282.3749,117.8453,16.47,100.0,0.0,1
2026-05-14 17:23:42,459,282.3749,117.8453,16.47,100.0,0.0,1
2026-05-14 17:23:46,460,282.3749,117.8453,16.47,100.0,0.0,1
2026-05-14 17:23:50,461,282.3749,117.8453,16.47,100.0,0.0,1
2026-05-14 17:23:54,462,282.3749,117.8453,16.47,100.0,0.0,1
2026-05-14 17:23:58,463,282.3749,117.8453,16.47,100.0,0.0,1
2026-05-14 17:24:02,464,282.3749,117.8453,16.47,100.0,0.0,1
2026-05-14 17:24:06,465,282.3749,117.8453,16.47,100.0,0.0,1
2026-05-14 17:24:10,466,282.3749,117.8453,16.47,100.0,0.0,1
2026-05-14 17:24:14,467,282.3749,117.8453,16.47,100.0,0.0,1
2026-05-14 17:24:18,468,282.3749,117.8453,16.47,100.0,0.0,1
2026-05-14 17:24:22,469,282.3749,117.8453,16.47,100.0,0.0,1
2026-05-14 17:24:26,470,282.3749,117.8453,16.47,100.0,0.0,1
2026-05-14 17:24:30,471,282.3749,117.8453,16.47,100.0,0.0,1
2026-05-14 17:24:34,472,282.3749,117.8453,16.47,100.0,0.0,1
2026-05-14 17:24:38,473,282.3749,117.8453,16.47,100.0,0.0,1
2026-05-14 17:24:42,474,282.3749,117.8453,16.47,100.0,0.0,1
2026-05-14 17:24:46,475,282.3749,117.8453,16.47,100.0,0.0,1
2026-05-14 17:24:50,476,282.3749,117.8453,16.47,100.0,0.0,1
2026-05-14 17:24:54,477,282.3749,117.8453,16.47,100.0,0.0,1
2026-05-14 17:24:58,478,282.3749,117.8453,16.47,100.0,0.0,1
2026-05-14 17:25:02,479,282.3749,117.8453,16.47,100.0,0.0,1
2026-05-14 17:25:06,480,282.3749,117.8453,16.47,100.0,0.0,1
2026-05-14 17:25:10,481,282.3749,117.8453,16.47,100.0,0.0,1
2026-05-14 17:25:14,482,282.3749,117.8453,16.47,100.0,0.0,1
2026-05-14 17:25:18,483,282.3749,117.8453,16.47,100.0,0.0,1
2026-05-14 17:25:22,484,282.3749,117.8453,16.47,100.0,0.0,1
2026-05-14 17:25:26,485,282.3749,117.8453,16.47,100.0,0.0,1
2026-05-14 17:25:30,486,282.3749,117.8453,16.47,100.0,0.0,1
2026-05-14 17:25:34,487,282.3749,117.8453,16.47,100.0,0.0,1
2026-05-14 17:25:38,488,282.3749,117.8453,16.47,100.0,0.0,1
2026-05-14 17:25:42,489,282.3749,117.8453,16.47,100.0,0.0,1
2026-05-14 17:25:46,490,282.3749,117.8453,16.47,100.0,0.0,1
2026-05-14 17:25:50,491,282.3749,117.8453,16.47,100.0,0.0,1
2026-05-14 17:25:54,492,282.3749,117.8453,16.47,100.0,0.0,1
2026-05-14 17:25:58,493,282.3749,117.8453,16.47,100.0,0.0,1
2026-05-14 17:26:02,494,282.3749,117.8453,16.47,100.0,0.0,1
2026-05-14 17:26:06,495,282.3749,117.8453,16.47,100.0,0.0,1
2026-05-14 17:26:10,496,282.3749,117.8453,16.47,100.0,0.0,1
2026-05-14 17:26:14,497,282.3749,117.8453,16.47,100.0,0.0,1
2026-05-14 17:26:18,498,282.3749,117.8453,16.47,100.0,0.0,1
2026-05-14 17:26:22,499,282.3749,117.8453,16.47,100.0,0.0,1
2026-05-14 17:26:26,500,282.3749,117.8453,16.47,100.0,0.0,1
2026-05-14 17:26:30,501,282.3749,117.8453,16.47,100.0,0.0,1
2026-05-14 17:26:34,502,282.3749,117.8453,16.47,100.0,0.0,1
2026-05-14 17:26:38,503,282.3749,117.8453,16.47,100.0,0.0,1
2026-05-14 17:26:42,504,282.3749,117.8453,16.47,100.0,0.0,1
2026-05-14 17:26:46,505,282.3749,117.8453,16.47,100.0,0.0,1
2026-05-14 17:26:50,506,282.3749,117.8453,16.47,100.0,0.0,1
2026-05-14 17:26:54,507,282.3749,117.8453,16.47,100.0,0.0,1
2026-05-14 17:26:58,508,282.3749,117.8453,16.47,100.0,0.0,1
2026-05-14 17:27:02,509,282.3749,117.8453,16.47,100.0,0.0,1
2026-05-14 17:27:06,510,282.3749,117.8453,16.47,100.0,0.0,1
2026-05-14 17:27:10,511,282.3749,117.8453,16.47,100.0,0.0,1
2026-05-14 17:27:14,512,282.3749,117.8453,16.47,100.0,0.0,1
2026-05-14 17:27:18,513,282.3749,117.8453,16.47,100.0,0.0,1
2026-05-14 17:27:22,514,282.3749,117.8453,16.47,100.0,0.0,1
2026-05-14 17:27:26,515,282.3749,117.8453,16.47,100.0,0.0,1
2026-05-14 17:27:30,516,282.3749,117.8453,16.47,100.0,0.0,1
2026-05-14 17:27:34,517,282.3749,117.8453,16.47,100.0,0.0,1
2026-05-14 17:27:38,518,282.3749,117.8453,16.47,100.0,0.0,1
2026-05-14 17:27:42,519,282.3749,117.8453,16.47,100.0,0.0,1
2026-05-14 17:27:46,520,282.3749,117.8453,16.47,100.0,0.0,1
2026-05-14 17:27:50,521,282.3749,117.8453,16.47,100.0,0.0,1
2026-05-14 17:27:54,522,282.3749,117.8453,16.47,100.0,0.0,1
2026-05-14 17:27:58,523,282.3749,117.8453,16.47,100.0,0.0,1
2026-05-14 17:28:02,524,282.3749,117.8453,16.47,100.0,0.0,1
2026-05-14 17:28:06,525,282.3749,117.8453,16.47,100.0,0.0,1
2026-05-14 17:28:10,526,282.3749,117.8453,16.47,100.0,0.0,1
2026-05-14 17:28:14,527,282.3749,117.8453,16.47,100.0,0.0,1
2026-05-14 17:28:18,528,282.3749,117.8453,16.47,100.0,0.0,1
2026-05-14 17:28:22,529,282.3749,117.8453,16.47,100.0,0.0,1
2026-05-14 17:28:26,530,282.3749,117.8453,16.47,100.0,0.0,1
2026-05-14 17:28:30,531,282.3749,117.8453,16.47,100.0,0.0,1
2026-05-14 17:28:34,532,282.3749,117.8453,16.47,100.0,0.0,1
2026-05-14 17:28:38,533,282.3749,117.8453,16.47,100.0,0.0,1
2026-05-14 17:28:42,534,282.3749,117.8453,16.47,100.0,0.0,1
2026-05-14 17:28:46,535,282.3749,117.8453,16.47,100.0,0.0,1
2026-05-14 17:28:50,536,282.3749,117.8453,16.47,100.0,0.0,1
2026-05-14 17:28:54,537,282.3749,117.8453,16.47,100.0,0.0,1
2026-05-14 17:28:58,538,282.3749,117.8453,16.47,100.0,0.0,1
2026-05-14 17:29:02,539,282.3749,117.8453,16.47,100.0,0.0,1
2026-05-14 17:29:06,540,282.3749,117.8453,16.47,100.0,0.0,1
2026-05-14 17:29:10,541,282.3749,117.8453,16.47,100.0,0.0,1
2026-05-14 17:29:14,542,282.3749,117.8453,16.47,100.0,0.0,1
2026-05-14 17:29:18,543,282.3749,117.8453,16.47,100.0,0.0,1
2026-05-14 17:29:22,544,282.3749,117.8453,16.47,100.0,0.0,1
2026-05-14 17:29:26,545,282.3749,117.8453,16.47,100.0,0.0,1
2026-05-14 17:29:30,546,282.3749,117.8453,16.47,100.0,0.0,1
2026-05-14 17:29:34,547,282.3749,117.8453,16.47,100.0,0.0,1
2026-05-14 17:29:38,548,282.3749,117.8453,16.47,100.0,0.0,1
2026-05-14 17:29:42,549,282.3749,117.8453,16.47,100.0,0.0,1
2026-05-14 17:29:46,550,282.3749,117.8453,16.47,100.0,0.0,1
2026-05-14 17:29:50,551,282.3749,117.8453,16.47,100.0,0.0,1
2026-05-14 17:29:54,552,282.3749,117.8453,16.47,100.0,0.0,1
2026-05-14 17:29:58,553,282.3749,117.8453,16.47,100.0,0.0,1
2026-05-14 17:30:02,554,282.3749,117.8453,16.47,100.0,0.0,1
2026-05-14 17:30:06,555,282.3749,117.8453,16.47,100.0,0.0,1
2026-05-14 17:30:10,556,282.3749,117.8453,16.47,100.0,0.0,1
2026-05-14 17:30:14,557,282.3749,117.8453,16.47,100.0,0.0,1
2026-05-14 17:30:18,558,282.3749,117.8453,16.47,100.0,0.0,1
2026-05-14 17:30:22,559,282.3749,117.8453,16.47,100.0,0.0,1
2026-05-14 17:30:26,560,282.3749,117.8453,16.47,100.0,0.0,1
2026-05-14 17:30:30,561,282.3749,117.8453,16.47,100.0,0.0,1
2026-05-14 17:30:34,562,282.3749,117.8453,16.47,100.0,0.0,1
2026-05-14 17:30:38,563,282.3749,117.8453,16.47,100.0,0.0,1
2026-05-14 17:30:42,564,282.3749,117.8453,16.47,100.0,0.0,1
2026-05-14 17:30:46,565,282.3749,117.8453,16.47,100.0,0.0,1
2026-05-14 17:30:50,566,282.3749,117.8453,16.47,100.0,0.0,1
2026-05-14 17:30:54,567,282.3749,117.8453,16.47,100.0,0.0,1
2026-05-14 17:30:58,568,282.3749,117.8453,16.47,100.0,0.0,1
2026-05-14 17:31:02,569,282.3749,117.8453,16.47,100.0,0.0,1
2026-05-14 17:31:06,570,282.3749,117.8453,16.47,100.0,0.0,1
2026-05-14 17:31:10,571,282.3749,117.8453,16.47,100.0,0.0,1
2026-05-14 17:31:14,572,282.3749,117.8453,16.47,100.0,0.0,1
2026-05-14 17:31:18,573,282.3749,117.8453,16.47,100.0,0.0,1
2026-05-14 17:31:22,574,282.3749,117.8453,16.47,100.0,0.0,1
2026-05-14 17:31:26,575,282.3749,117.8453,16.47,100.0,0.0,1
2026-05-14 17:31:30,576,282.3749,117.8453,16.47,100.0,0.0,1
2026-05-14 17:31:34,577,282.3749,117.8453,16.47,100.0,0.0,1
2026-05-14 17:31:38,578,282.3749,117.8453,16.47,100.0,0.0,1
2026-05-14 17:31:42,579,282.3749,117.8453,16.47,100.0,0.0,1
2026-05-14 17:31:46,580,282.3749,117.8453,16.47,100.0,0.0,1
2026-05-14 17:31:50,581,282.3749,117.8453,16.47,100.0,0.0,1
2026-05-14 17:31:54,582,282.3749,117.8453,16.47,100.0,0.0,1
2026-05-14 17:31:58,583,282.3749,117.8453,16.47,100.0,0.0,1
2026-05-14 17:32:02,584,282.3749,117.8453,16.47,100.0,0.0,1
2026-05-14 17:32:06,585,282.3749,117.8453,16.47,100.0,0.0,1
2026-05-14 17:32:10,586,282.3749,117.8453,16.47,100.0,0.0,1
2026-05-14 17:32:14,587,282.3749,117.8453,16.47,100.0,0.0,1
2026-05-14 17:32:18,588,282.3749,117.8453,16.47,100.0,0.0,1
2026-05-14 17:32:22,589,282.3749,117.8453,16.47,100.0,0.0,1
2026-05-14 17:32:26,590,282.3749,117.8453,16.47,100.0,0.0,1
2026-05-14 17:32:30,591,282.3749,117.8453,16.47,100.0,0.0,1
2026-05-14 17:32:34,592,282.3749,117.8453,16.47,100.0,0.0,1
2026-05-14 17:32:38,593,282.3749,117.8453,16.47,100.0,0.0,1
2026-05-14 17:32:42,594,282.3749,117.8453,16.47,100.0,0.0,1
2026-05-14 17:32:46,595,282.3749,117.8453,16.47,100.0,0.0,1
2026-05-14 17:32:50,596,282.3749,117.8453,16.47,100.0,0.0,1
2026-05-14 17:32:54,597,282.3749,117.8453,16.47,100.0,0.0,1
2026-05-14 17:32:58,598,282.3749,117.8453,16.47,100.0,0.0,1
2026-05-14 17:33:02,599,282.3749,117.8453,16.47,100.0,0.0,1
2026-05-14 17:33:06,600,282.3749,117.8453,16.47,100.0,0.0,1
2026-05-14 17:33:10,601,282.3749,117.8453,16.47,100.0,0.0,1
2026-05-14 17:33:14,602,282.3749,117.8453,16.47,100.0,0.0,1
2026-05-14 17:33:18,603,282.3749,117.8453,16.47,100.0,0.0,1
2026-05-14 17:33:22,604,282.3749,117.8453,16.47,100.0,0.0,1
2026-05-14 17:33:26,605,282.3749,117.8453,16.47,100.0,0.0,1
2026-05-14 17:33:30,606,282.3749,117.8453,16.47,100.0,0.0,1
2026-05-14 17:33:34,607,282.3749,117.8453,16.47,100.0,0.0,1
2026-05-14 17:33:38,608,282.3749,117.8453,16.47,100.0,0.0,1
2026-05-14 17:33:42,609,282.3749,117.8453,16.47,100.0,0.0,1
2026-05-14 17:33:46,610,282.3749,117.8453,16.47,100.0,0.0,1
2026-05-14 17:33:50,611,282.3749,117.8453,16.47,100.0,0.0,1
2026-05-14 17:33:54,612,282.3749,117.8453,16.47,100.0,0.0,1
2026-05-14 17:33:58,613,282.3749,117.8453,16.47,100.0,0.0,1
2026-05-14 17:34:02,614,282.3749,117.8453,16.47,100.0,0.0,1
2026-05-14 17:34:06,615,282.3749,117.8453,16.47,100.0,0.0,1
2026-05-14 17:34:10,616,282.3749,117.8453,16.47,100.0,0.0,1
2026-05-14 17:34:14,617,282.3749,117.8453,16.47,100.0,0.0,1
2026-05-14 17:34:18,618,282.3749,117.8453,16.47,100.0,0.0,1
2026-05-14 17:34:22,619,282.3749,117.8453,16.47,100.0,0.0,1
2026-05-14 17:34:26,620,282.3749,117.8453,16.47,100.0,0.0,1
2026-05-14 17:34:30,621,282.3749,117.8453,16.47,100.0,0.0,1
2026-05-14 17:34:34,622,282.3749,117.8453,16.47,100.0,0.0,1
2026-05-14 17:34:38,623,282.3749,117.8453,16.47,100.0,0.0,1
2026-05-14 17:34:42,624,282.3749,117.8453,16.47,100.0,0.0,1
2026-05-14 17:34:46,625,282.3749,117.8453,16.47,100.0,0.0,1
2026-05-14 17:34:50,626,282.3749,117.8453,16.47,100.0,0.0,1
2026-05-14 17:34:54,627,282.3749,117.8453,16.47,100.0,0.0,1
2026-05-14 17:34:58,628,282.3749,117.8453,16.47,100.0,0.0,1
2026-05-14 17:35:02,629,282.3749,117.8453,16.47,100.0,0.0,1
2026-05-14 17:35:06,630,282.3749,117.8453,16.47,100.0,0.0,1
2026-05-14 17:35:10,631,282.3749,117.8453,16.47,100.0,0.0,1
2026-05-14 17:35:14,632,282.3749,117.8453,16.47,100.0,0.0,1
2026-05-14 17:35:18,633,282.3749,117.8453,16.47,100.0,0.0,1
2026-05-14 17:35:22,634,282.3749,117.8453,16.47,100.0,0.0,1
2026-05-14 17:35:26,635,282.3749,117.8453,16.47,100.0,0.0,1
2026-05-14 17:35:30,636,282.3749,117.8453,16.47,100.0,0.0,1
2026-05-14 17:35:34,637,282.3749,117.8453,16.47,100.0,0.0,1
2026-05-14 17:35:38,638,282.3749,117.8453,16.47,100.0,0.0,1
2026-05-14 17:35:42,639,282.3749,117.8453,16.47,100.0,0.0,1
2026-05-14 17:35:46,640,282.3749,117.8453,16.47,100.0,0.0,1
2026-05-14 17:35:50,641,282.3749,117.8453,16.47,100.0,0.0,1
2026-05-14 17:35:54,642,282.3749,117.8453,16.47,100.0,0.0,1
2026-05-14 17:35:58,643,282.3749,117.8453,16.47,100.0,0.0,1
2026-05-14 17:36:02,644,282.3749,117.8453,16.47,100.0,0.0,1
2026-05-14 17:36:06,645,282.3749,117.8453,16.47,100.0,0.0,1
2026-05-14 17:36:10,646,282.3749,117.8453,16.47,100.0,0.0,1
2026-05-14 17:36:14,647,282.3749,117.8453,16.47,100.0,0.0,1
2026-05-14 17:36:18,648,282.3749,117.8453,16.47,100.0,0.0,1
2026-05-14 17:36:22,649,282.3749,117.8453,16.47,100.0,0.0,1
2026-05-14 17:36:26,650,282.3749,117.8453,16.47,100.0,0.0,1
2026-05-14 17:36:30,651,282.3749,117.8453,16.47,100.0,0.0,1
2026-05-14 17:36:34,652,282.3749,117.8453,16.47,100.0,0.0,1
2026-05-14 17:36:38,653,282.3749,117.8453,16.47,100.0,0.0,1
2026-05-14 17:36:42,654,282.3749,117.8453,16.47,100.0,0.0,1
2026-05-14 17:36:46,655,282.3749,117.8453,16.47,100.0,0.0,1
2026-05-14 17:36:50,656,282.3749,117.8453,16.47,100.0,0.0,1
2026-05-14 17:36:54,657,282.3749,117.8453,16.47,100.0,0.0,1
2026-05-14 17:36:58,658,282.3749,117.8453,16.47,100.0,0.0,1
2026-05-14 17:37:02,659,282.3749,117.8453,16.47,100.0,0.0,1
2026-05-14 17:37:06,660,282.3749,117.8453,16.47,100.0,0.0,1
2026-05-14 17:37:10,661,282.3749,117.8453,16.47,100.0,0.0,1
2026-05-14 17:37:14,662,282.3749,117.8453,16.47,100.0,0.0,1
2026-05-14 17:37:18,663,282.3749,117.8453,16.47,100.0,0.0,1
2026-05-14 17:37:22,664,282.3749,117.8453,16.47,100.0,0.0,1
2026-05-14 17:37:26,665,282.3749,117.8453,16.47,100.0,0.0,1
2026-05-14 17:37:30,666,282.3749,117.8453,16.47,100.0,0.0,1
2026-05-14 17:37:34,667,282.3749,117.8453,16.47,100.0,0.0,1
2026-05-14 17:37:38,668,282.3749,117.8453,16.47,100.0,0.0,1
2026-05-14 17:37:42,669,282.3749,117.8453,16.47,100.0,0.0,1
2026-05-14 17:37:46,670,282.3749,117.8453,16.47,100.0,0.0,1
2026-05-14 17:37:50,671,282.3749,117.8453,16.47,100.0,0.0,1
2026-05-14 17:37:54,672,282.3749,117.8453,16.47,100.0,0.0,1
2026-05-14 17:37:58,673,282.3749,117.8453,16.47,100.0,0.0,1
2026-05-14 17:38:02,674,282.3749,117.8453,16.47,100.0,0.0,1
2026-05-14 17:38:06,675,282.3749,117.8453,16.47,100.0,0.0,1
2026-05-14 17:38:10,676,282.3749,117.8453,16.47,100.0,0.0,1
2026-05-14 17:38:14,677,282.3749,117.8453,16.47,100.0,0.0,1
2026-05-14 17:38:18,678,282.3749,117.8453,16.47,100.0,0.0,1
2026-05-14 17:38:22,679,282.3749,117.8453,16.47,100.0,0.0,1
2026-05-14 17:38:26,680,282.3749,117.8453,16.47,100.0,0.0,1
2026-05-14 17:38:30,681,282.3749,117.8453,16.47,100.0,0.0,1
2026-05-14 17:38:34,682,282.3749,117.8453,16.47,100.0,0.0,1
2026-05-14 17:38:38,683,282.3749,117.8453,16.47,100.0,0.0,1
2026-05-14 17:38:42,684,282.3749,117.8453,16.47,100.0,0.0,1
2026-05-14 17:38:46,685,282.3749,117.8453,16.47,100.0,0.0,1
2026-05-14 17:38:50,686,282.3749,117.8453,16.47,100.0,0.0,1
2026-05-14 17:38:54,687,282.3749,117.8453,16.47,100.0,0.0,1
2026-05-14 17:38:58,688,282.3749,117.8453,16.47,100.0,0.0,1
2026-05-14 17:39:02,689,282.3749,117.8453,16.47,100.0,0.0,1
2026-05-14 17:39:06,690,282.3749,117.8453,16.47,100.0,0.0,1
2026-05-14 17:39:10,691,282.3749,117.8453,16.47,100.0,0.0,1
2026-05-14 17:39:14,692,282.3749,117.8453,16.47,100.0,0.0,1
2026-05-14 17:39:18,693,282.3749,117.8453,16.47,100.0,0.0,1
2026-05-14 17:39:22,694,282.3749,117.8453,16.47,100.0,0.0,1
2026-05-14 17:39:26,695,282.3749,117.8453,16.47,100.0,0.0,1
2026-05-14 17:39:30,696,282.3749,117.8453,16.47,100.0,0.0,1
2026-05-14 17:39:34,697,282.3749,117.8453,16.47,100.0,0.0,1
2026-05-14 17:39:38,698,282.3749,117.8453,16.47,100.0,0.0,1
2026-05-14 17:39:42,699,282.3749,117.8453,16.47,100.0,0.0,1
2026-05-14 17:39:46,700,282.3749,117.8453,16.47,100.0,0.0,1
2026-05-14 17:39:50,701,282.3749,117.8453,16.47,100.0,0.0,1
2026-05-14 17:39:54,702,282.3749,117.8453,16.47,100.0,0.0,1
2026-05-14 17:39:58,703,282.3749,117.8453,16.47,100.0,0.0,1
2026-05-14 17:40:02,704,282.3749,117.8453,16.47,100.0,0.0,1
2026-05-14 17:40:06,705,282.3749,117.8453,16.47,100.0,0.0,1
2026-05-14 17:40:10,706,282.3749,117.8453,16.47,100.0,0.0,1
2026-05-14 17:40:14,707,282.3749,117.8453,16.47,100.0,0.0,1
2026-05-14 17:40:18,708,282.3749,117.8453,16.47,100.0,0.0,1
2026-05-14 17:40:22,709,282.3749,117.8453,16.47,100.0,0.0,1
2026-05-14 17:40:26,710,282.3749,117.8453,16.47,100.0,0.0,1
2026-05-14 17:40:30,711,282.3749,117.8453,16.47,100.0,0.0,1
2026-05-14 17:40:34,712,282.3749,117.8453,16.47,100.0,0.0,1
2026-05-14 17:40:38,713,282.3749,117.8453,16.47,100.0,0.0,1
2026-05-14 17:40:42,714,282.3749,117.8453,16.47,100.0,0.0,1
2026-05-14 17:40:46,715,282.3749,117.8453,16.47,100.0,0.0,1
2026-05-14 17:40:50,716,282.3749,117.8453,16.47,100.0,0.0,1
2026-05-14 17:40:54,717,282.3749,117.8453,16.47,100.0,0.0,1
2026-05-14 17:40:58,718,282.3749,117.8453,16.47,100.0,0.0,1
2026-05-14 17:41:02,719,282.3749,117.8453,16.47,100.0,0.0,1
2026-05-14 17:41:06,720,282.3749,117.8453,16.47,100.0,0.0,1
2026-05-14 17:41:10,721,282.3749,117.8453,16.47,100.0,0.0,1
2026-05-14 17:41:14,722,282.3749,117.8453,16.47,100.0,0.0,1
2026-05-14 17:41:18,723,282.3749,117.8453,16.47,100.0,0.0,1
2026-05-14 17:41:22,724,282.3749,117.8453,16.47,100.0,0.0,1
2026-05-14 17:41:26,725,282.3749,117.8453,16.47,100.0,0.0,1
2026-05-14 17:41:30,726,282.3749,117.8453,16.47,100.0,0.0,1
2026-05-14 17:41:34,727,282.3749,117.8453,16.47,100.0,0.0,1
2026-05-14 17:41:38,728,282.3749,117.8453,16.47,100.0,0.0,1
2026-05-14 17:41:42,729,282.3749,117.8453,16.47,100.0,0.0,1
2026-05-14 17:41:46,730,282.3749,117.8453,16.47,100.0,0.0,1
2026-05-14 17:41:50,731,282.3749,117.8453,16.47,100.0,0.0,1
2026-05-14 17:41:54,732,282.3749,117.8453,16.47,100.0,0.0,1
2026-05-14 17:41:58,733,282.3749,117.8453,16.47,100.0,0.0,1
2026-05-14 17:42:02,734,282.3749,117.8453,16.47,100.0,0.0,1
2026-05-14 17:42:06,735,282.3749,117.8453,16.47,100.0,0.0,1
2026-05-14 17:42:10,736,282.3749,117.8453,16.47,100.0,0.0,1
2026-05-14 17:42:14,737,282.3749,117.8453,16.47,100.0,0.0,1
2026-05-14 17:42:18,738,282.3749,117.8453,16.47,100.0,0.0,1
2026-05-14 17:42:22,739,282.3749,117.8453,16.47,100.0,0.0,1
2026-05-14 17:42:26,740,282.3749,117.8453,16.47,100.0,0.0,1
2026-05-14 17:42:30,741,282.3749,117.8453,16.47,100.0,0.0,1
2026-05-14 17:42:34,742,282.3749,117.8453,16.47,100.0,0.0,1
2026-05-14 17:42:38,743,282.3749,117.8453,16.47,100.0,0.0,1
2026-05-14 17:42:42,744,282.3749,117.8453,16.47,100.0,0.0,1
2026-05-14 17:42:46,745,282.3749,117.8453,16.47,100.0,0.0,1
2026-05-14 17:42:50,746,282.3749,117.8453,16.47,100.0,0.0,1
2026-05-14 17:42:54,747,282.3749,117.8453,16.47,100.0,0.0,1
2026-05-14 17:42:58,748,282.3749,117.8453,16.47,100.0,0.0,1
2026-05-14 17:43:02,749,282.3749,117.8453,16.47,100.0,0.0,1
2026-05-14 17:43:06,750,282.3749,117.8453,16.47,100.0,0.0,1
2026-05-14 17:43:10,751,282.3749,117.8453,16.47,100.0,0.0,1
2026-05-14 17:43:14,752,282.3749,117.8453,16.47,100.0,0.0,1
2026-05-14 17:43:18,753,282.3749,117.8453,16.47,100.0,0.0,1
2026-05-14 17:43:22,754,282.3749,117.8453,16.47,100.0,0.0,1
2026-05-14 17:43:26,755,282.3749,117.8453,16.47,100.0,0.0,1
2026-05-14 17:43:30,756,282.3749,117.8453,16.47,100.0,0.0,1
2026-05-14 17:43:34,757,282.3749,117.8453,16.47,100.0,0.0,1
2026-05-14 17:43:38,758,282.3749,117.8453,16.47,100.0,0.0,1
2026-05-14 17:43:42,759,282.3749,117.8453,16.47,100.0,0.0,1
2026-05-14 17:43:46,760,282.3749,117.8453,16.47,100.0,0.0,1
2026-05-14 17:43:50,761,282.3749,117.8453,16.47,100.0,0.0,1
2026-05-14 17:43:54,762,282.3749,117.8453,16.47,100.0,0.0,1
2026-05-14 17:43:58,763,282.3749,117.8453,16.47,100.0,0.0,1
2026-05-14 17:44:02,764,282.3749,117.8453,16.47,100.0,0.0,1
2026-05-14 17:44:06,765,282.3749,117.8453,16.47,100.0,0.0,1
2026-05-14 17:44:10,766,282.3749,117.8453,16.47,100.0,0.0,1
2026-05-14 17:44:14,767,282.3749,117.8453,16.47,100.0,0.0,1
2026-05-14 17:44:18,768,282.3749,117.8453,16.47,100.0,0.0,1
2026-05-14 17:44:22,769,282.3749,117.8453,16.47,100.0,0.0,1
2026-05-14 17:44:26,770,282.3749,117.8453,16.47,100.0,0.0,1
2026-05-14 17:44:30,771,282.3749,117.8453,16.47,100.0,0.0,1
2026-05-14 17:44:34,772,282.3749,117.8453,16.47,100.0,0.0,1
2026-05-14 17:44:38,773,282.3749,117.8453,16.47,100.0,0.0,1
2026-05-14 17:44:42,774,282.3749,117.8453,16.47,100.0,0.0,1
2026-05-14 17:44:46,775,282.3749,117.8453,16.47,100.0,0.0,1
2026-05-14 17:44:50,776,282.3749,117.8453,16.47,100.0,0.0,1
2026-05-14 17:44:54,777,282.3749,117.8453,16.47,100.0,0.0,1
2026-05-14 17:44:58,778,282.3749,117.8453,16.47,100.0,0.0,1
2026-05-14 17:45:02,779,282.3749,117.8453,16.47,100.0,0.0,1
2026-05-14 17:45:06,780,282.3749,117.8453,16.47,100.0,0.0,1
2026-05-14 17:45:10,781,282.3749,117.8453,16.47,100.0,0.0,1
2026-05-14 17:45:14,782,282.3749,117.8453,16.47,100.0,0.0,1
2026-05-14 17:45:18,783,282.3749,117.8453,16.47,100.0,0.0,1
2026-05-14 17:45:22,784,282.3749,117.8453,16.47,100.0,0.0,1
2026-05-14 17:45:26,785,282.3749,117.8453,16.47,100.0,0.0,1
2026-05-14 17:45:30,786,282.3749,117.8453,16.47,100.0,0.0,1
2026-05-14 17:45:34,787,282.3749,117.8453,16.47,100.0,0.0,1
2026-05-14 17:45:38,788,282.3749,117.8453,16.47,100.0,0.0,1
2026-05-14 17:45:42,789,282.3749,117.8453,16.47,100.0,0.0,1
2026-05-14 17:45:46,790,282.3749,117.8453,16.47,100.0,0.0,1
2026-05-14 17:45:50,791,282.3749,117.8453,16.47,100.0,0.0,1
2026-05-14 17:45:54,792,282.3749,117.8453,16.47,100.0,0.0,1
2026-05-14 17:45:58,793,282.3749,117.8453,16.47,100.0,0.0,1
2026-05-14 17:46:02,794,282.3749,117.8453,16.47,100.0,0.0,1
2026-05-14 17:46:06,795,282.3749,117.8453,16.47,100.0,0.0,1
2026-05-14 17:46:10,796,282.3749,117.8453,16.47,100.0,0.0,1
2026-05-14 17:46:14,797,282.3749,117.8453,16.47,100.0,0.0,1
2026-05-14 17:46:18,798,282.3749,117.8453,16.47,100.0,0.0,1
2026-05-14 17:46:22,799,282.3749,117.8453,16.47,100.0,0.0,1
2026-05-14 17:46:26,800,282.3749,117.8453,16.47,100.0,0.0,1
2026-05-14 17:46:30,801,282.3749,117.8453,16.47,100.0,0.0,1
2026-05-14 17:46:34,802,282.3749,117.8453,16.47,100.0,0.0,1
2026-05-14 17:46:38,803,282.3749,117.8453,16.47,100.0,0.0,1
2026-05-14 17:46:42,804,282.3749,117.8453,16.47,100.0,0.0,1
2026-05-14 17:46:46,805,282.3749,117.8453,16.47,100.0,0.0,1
2026-05-14 17:46:50,806,282.3749,117.8453,16.47,100.0,0.0,1
2026-05-14 17:46:54,807,282.3749,117.8453,16.47,100.0,0.0,1
2026-05-14 17:46:58,808,282.3749,117.8453,16.47,100.0,0.0,1
2026-05-14 17:47:02,809,282.3749,117.8453,16.47,100.0,0.0,1
2026-05-14 17:47:06,810,282.3749,117.8453,16.47,100.0,0.0,1
2026-05-14 17:47:10,811,282.3749,117.8453,16.47,100.0,0.0,1
2026-05-14 17:47:14,812,282.3749,117.8453,16.47,100.0,0.0,1
2026-05-14 17:47:18,813,282.3749,117.8453,16.47,100.0,0.0,1
2026-05-14 17:47:22,814,282.3749,117.8453,16.47,100.0,0.0,1
2026-05-14 17:47:26,815,282.3749,117.8453,16.47,100.0,0.0,1
2026-05-14 17:47:30,816,282.3749,117.8453,16.47,100.0,0.0,1
2026-05-14 17:47:34,817,282.3749,117.8453,16.47,100.0,0.0,1
2026-05-14 17:47:38,818,282.3749,117.8453,16.47,100.0,0.0,1
2026-05-14 17:47:42,819,282.3749,117.8453,16.47,100.0,0.0,1
2026-05-14 17:47:46,820,282.3749,117.8453,16.47,100.0,0.0,1
2026-05-14 17:47:50,821,282.3749,117.8453,16.47,100.0,0.0,1
2026-05-14 17:47:54,822,282.3749,117.8453,16.47,100.0,0.0,1
2026-05-14 17:47:58,823,282.3749,117.8453,16.47,100.0,0.0,1
2026-05-14 17:48:02,824,282.3749,117.8453,16.47,100.0,0.0,1
2026-05-14 17:48:06,825,282.3749,117.8453,16.47,100.0,0.0,1
2026-05-14 17:48:10,826,282.3749,117.8453,16.47,100.0,0.0,1
2026-05-14 17:48:14,827,282.3749,117.8453,16.47,100.0,0.0,1
2026-05-14 17:48:18,828,282.3749,117.8453,16.47,100.0,0.0,1
2026-05-14 17:48:22,829,282.3749,117.8453,16.47,100.0,0.0,1
2026-05-14 17:48:26,830,282.3749,117.8453,16.47,100.0,0.0,1
2026-05-14 17:48:30,831,282.3749,117.8453,16.47,100.0,0.0,1
2026-05-14 17:48:34,832,282.3749,117.8453,16.47,100.0,0.0,1
2026-05-14 17:48:38,833,282.3749,117.8453,16.47,100.0,0.0,1
2026-05-14 17:48:42,834,282.3749,117.8453,16.47,100.0,0.0,1
2026-05-14 17:48:46,835,282.3749,117.8453,16.47,100.0,0.0,1
2026-05-14 17:48:50,836,282.3749,117.8453,16.47,100.0,0.0,1
2026-05-14 17:48:54,837,282.3749,117.8453,16.47,100.0,0.0,1
2026-05-14 17:48:58,838,282.3749,117.8453,16.47,100.0,0.0,1
2026-05-14 17:49:02,839,282.3749,117.8453,16.47,100.0,0.0,1
2026-05-14 17:49:06,840,282.3749,117.8453,16.47,100.0,0.0,1
2026-05-14 17:49:10,841,282.3749,117.8453,16.47,100.0,0.0,1
2026-05-14 17:49:14,842,282.3749,117.8453,16.47,100.0,0.0,1
2026-05-14 17:49:18,843,282.3749,117.8453,16.47,100.0,0.0,1
2026-05-14 17:49:22,844,282.3749,117.8453,16.47,100.0,0.0,1
2026-05-14 17:49:26,845,282.3749,117.8453,16.47,100.0,0.0,1
2026-05-14 17:49:30,846,282.3749,117.8453,16.47,100.0,0.0,1
2026-05-14 17:49:34,847,282.3749,117.8453,16.47,100.0,0.0,1
2026-05-14 17:49:38,848,282.3749,117.8453,16.47,100.0,0.0,1
2026-05-14 17:49:42,849,282.3749,117.8453,16.47,100.0,0.0,1
2026-05-14 17:49:46,850,282.3749,117.8453,16.47,100.0,0.0,1
2026-05-14 17:49:50,851,282.3749,117.8453,16.47,100.0,0.0,1
2026-05-14 17:49:54,852,282.3749,117.8453,16.47,100.0,0.0,1
2026-05-14 17:49:58,853,282.3749,117.8453,16.47,100.0,0.0,1
2026-05-14 17:50:02,854,282.3749,117.8453,16.47,100.0,0.0,1
2026-05-14 17:50:06,855,282.3749,117.8453,16.47,100.0,0.0,1
2026-05-14 17:50:10,856,282.3749,117.8453,16.47,100.0,0.0,1
2026-05-14 17:50:14,857,282.3749,117.8453,16.47,100.0,0.0,1
2026-05-14 17:50:18,858,282.3749,117.8453,16.47,100.0,0.0,1
2026-05-14 17:50:22,859,282.3749,117.8453,16.47,100.0,0.0,1
2026-05-14 17:50:26,860,282.3749,117.8453,16.47,100.0,0.0,1
2026-05-14 17:50:30,861,282.3749,117.8453,16.47,100.0,0.0,1
2026-05-14 17:50:34,862,282.3749,117.8453,16.47,100.0,0.0,1
2026-05-14 17:50:38,863,282.3749,117.8453,16.47,100.0,0.0,1
2026-05-14 17:50:42,864,282.3749,117.8453,16.47,100.0,0.0,1
2026-05-14 17:50:46,865,282.3749,117.8453,16.47,100.0,0.0,1
2026-05-14 17:50:50,866,282.3749,117.8453,16.47,100.0,0.0,1
2026-05-14 17:50:54,867,282.3749,117.8453,16.47,100.0,0.0,1
2026-05-14 17:50:58,868,282.3749,117.8453,16.47,100.0,0.0,1
2026-05-14 17:51:02,869,282.3749,117.8453,16.47,100.0,0.0,1
2026-05-14 17:51:06,870,282.3749,117.8453,16.47,100.0,0.0,1
2026-05-14 17:51:10,871,282.3749,117.8453,16.47,100.0,0.0,1
2026-05-14 17:51:14,872,282.3749,117.8453,16.47,100.0,0.0,1
2026-05-14 17:51:18,873,282.3749,117.8453,16.47,100.0,0.0,1
2026-05-14 17:51:22,874,282.3749,117.8453,16.47,100.0,0.0,1
2026-05-14 17:51:26,875,282.3749,117.8453,16.47,100.0,0.0,1
2026-05-14 17:51:30,876,282.3749,117.8453,16.47,100.0,0.0,1
2026-05-14 17:51:34,877,282.3749,117.8453,16.47,100.0,0.0,1
2026-05-14 17:51:38,878,282.3749,117.8453,16.47,100.0,0.0,1
2026-05-14 17:51:42,879,282.3749,117.8453,16.47,100.0,0.0,1
2026-05-14 17:51:46,880,282.3749,117.8453,16.47,100.0,0.0,1
2026-05-14 17:51:50,881,282.3749,117.8453,16.47,100.0,0.0,1
2026-05-14 17:51:54,882,282.3749,117.8453,16.47,100.0,0.0,1
2026-05-14 17:51:58,883,282.3749,117.8453,16.47,100.0,0.0,1
2026-05-14 17:52:02,884,282.3749,117.8453,16.47,100.0,0.0,1
2026-05-14 17:52:06,885,282.3749,117.8453,16.47,100.0,0.0,1
2026-05-14 17:52:10,886,282.3749,117.8453,16.47,100.0,0.0,1
2026-05-14 17:52:14,887,282.3749,117.8453,16.47,100.0,0.0,1
2026-05-14 17:52:18,888,282.3749,117.8453,16.47,100.0,0.0,1
2026-05-14 17:52:22,889,282.3749,117.8453,16.47,100.0,0.0,1
2026-05-14 17:52:26,890,282.3749,117.8453,16.47,100.0,0.0,1
2026-05-14 17:52:30,891,282.3749,117.8453,16.47,100.0,0.0,1
2026-05-14 17:52:34,892,282.3749,117.8453,16.47,100.0,0.0,1
2026-05-14 17:52:38,893,282.3749,117.8453,16.47,100.0,0.0,1
2026-05-14 17:52:42,894,282.3749,117.8453,16.47,100.0,0.0,1
2026-05-14 17:52:46,895,282.3749,117.8453,16.47,100.0,0.0,1
2026-05-14 17:52:50,896,282.3749,117.8453,16.47,100.0,0.0,1
2026-05-14 17:52:54,897,282.3749,117.8453,16.47,100.0,0.0,1
2026-05-14 17:52:58,898,282.3749,117.8453,16.47,100.0,0.0,1
2026-05-14 17:53:02,899,282.3749,117.8453,16.47,100.0,0.0,1
2026-05-14 17:53:06,900,282.3749,117.8453,16.47,100.0,0.0,1
2026-05-14 16:53:12,1,0.0,0.0,16.15,100.0,0.0,2
2026-05-14 16:53:16,2,0.0,0.0,16.15,100.0,0.0,2
2026-05-14 16:53:20,3,0.0,0.0,16.15,100.0,0.0,2
2026-05-14 16:53:24,4,0.0,0.0,16.15,100.0,0.0,2
2026-05-14 16:53:28,5,0.0,0.0,16.15,100.0,0.0,2
2026-05-14 16:53:32,6,0.0,0.0,16.15,100.0,0.0,2
2026-05-14 16:53:36,7,0.0,0.0,16.15,100.0,0.0,2
2026-05-14 16:53:40,8,0.0,0.0,16.15,100.0,0.0,2
2026-05-14 16:53:44,9,0.0,0.0,16.15,100.0,0.0,2
2026-05-14 16:53:48,10,0.0,0.0,16.15,100.0,0.0,2
2026-05-14 16:53:52,11,0.0,0.0,16.15,100.0,0.0,2
2026-05-14 16:53:56,12,0.0,0.0,16.15,100.0,0.0,2
2026-05-14 16:54:00,13,0.0,0.0,16.15,100.0,0.0,2
2026-05-14 16:54:04,14,0.0,0.0,16.15,100.0,0.0,2
2026-05-14 16:54:08,15,0.0,0.0,16.15,100.0,0.0,2
2026-05-14 16:54:12,16,0.0,0.0,16.15,100.0,0.0,2
2026-05-14 16:54:16,17,0.0,0.0,16.15,100.0,0.0,2
2026-05-14 16:54:20,18,0.0,0.0,16.15,100.0,0.0,2
2026-05-14 16:54:24,19,0.0,0.0,16.15,100.0,0.0,2
2026-05-14 16:54:28,20,0.0,0.0,16.15,100.0,0.0,2
2026-05-14 16:54:32,21,0.0,0.0,16.15,100.0,0.0,2
2026-05-14 16:54:36,22,0.0,0.0,16.15,100.0,0.0,2
2026-05-14 16:54:40,23,0.0,0.0,16.15,100.0,0.0,2
2026-05-14 16:54:44,24,0.0,0.0,16.15,100.0,0.0,2
2026-05-14 16:54:48,25,0.0,0.0,16.15,100.0,0.0,2
2026-05-14 16:54:52,26,0.0,0.0,16.15,100.0,0.0,2
2026-05-14 16:54:56,27,0.0,0.0,16.15,100.0,0.0,2
2026-05-14 16:55:00,28,0.0,0.0,16.15,100.0,0.0,2
2026-05-14 16:55:04,29,0.0,0.0,16.15,100.0,0.0,2
2026-05-14 16:55:08,30,0.0,0.0,16.15,100.0,0.0,2
2026-05-14 16:55:12,31,0.0,0.0,16.15,100.0,0.0,2
2026-05-14 16:55:16,32,0.0,0.0,16.15,100.0,0.0,2
2026-05-14 16:55:20,33,0.0,0.0,16.15,100.0,0.0,2
2026-05-14 16:55:24,34,0.0,0.0,16.15,100.0,0.0,2
2026-05-14 16:55:28,35,0.0,0.0,16.15,100.0,0.0,2
2026-05-14 16:55:32,36,0.0,0.0,16.15,100.0,0.0,2
2026-05-14 16:55:36,37,0.0,0.0,16.15,100.0,0.0,2
2026-05-14 16:55:40,38,0.0,0.0,16.15,100.0,0.0,2
2026-05-14 16:55:44,39,0.0,0.0,16.15,100.0,0.0,2
2026-05-14 16:55:48,40,0.0,0.0,16.15,100.0,0.0,2
2026-05-14 16:55:52,41,0.0,0.0,16.15,100.0,0.0,2
2026-05-14 16:55:56,42,0.0,0.0,16.15,100.0,0.0,2
2026-05-14 16:56:00,43,0.0,0.0,16.15,100.0,0.0,2
2026-05-14 16:56:04,44,0.0,0.0,16.15,100.0,0.0,2
2026-05-14 16:56:08,45,0.0,0.0,16.15,100.0,0.0,2
2026-05-14 16:56:12,46,0.0,0.0,16.15,100.0,0.0,2
2026-05-14 16:56:16,47,0.0,0.0,16.15,100.0,0.0,2
2026-05-14 16:56:20,48,0.0,0.0,16.15,100.0,0.0,2
2026-05-14 16:56:24,49,0.0,0.0,16.15,100.0,0.0,2
2026-05-14 16:56:28,50,0.0,0.0,16.15,100.0,0.0,2
2026-05-14 16:56:32,51,0.0,0.0,16.15,100.0,0.0,2
2026-05-14 16:56:36,52,0.0,0.0,16.15,100.0,0.0,2
2026-05-14 16:56:40,53,0.0,0.0,16.15,100.0,0.0,2
2026-05-14 16:56:44,54,0.0,0.0,16.15,100.0,0.0,2
2026-05-14 16:56:48,55,0.0,0.0,16.15,100.0,0.0,2
2026-05-14 16:56:52,56,0.0,0.0,16.15,100.0,0.0,2
2026-05-14 16:56:56,57,0.0,0.0,16.15,100.0,0.0,2
2026-05-14 16:57:00,58,0.0,0.0,16.15,100.0,0.0,2
2026-05-14 16:57:04,59,0.0,0.0,16.15,100.0,0.0,2
2026-05-14 16:57:08,60,0.0,0.0,16.15,100.0,0.0,2
2026-05-14 16:57:12,61,0.0,0.0,16.15,100.0,0.0,2
2026-05-14 16:57:16,62,0.0,0.0,16.15,100.0,0.0,2
2026-05-14 16:57:20,63,0.0,0.0,16.15,100.0,0.0,2
2026-05-14 16:57:24,64,0.0,0.0,16.15,100.0,0.0,2
2026-05-14 16:57:28,65,0.0,0.0,16.15,100.0,0.0,2
2026-05-14 16:57:32,66,0.0,0.0,16.15,100.0,0.0,2
2026-05-14 16:57:36,67,0.0,0.0,16.15,100.0,0.0,2
2026-05-14 16:57:40,68,0.0,0.0,16.15,100.0,0.0,2
2026-05-14 16:57:44,69,0.0,0.0,16.15,100.0,0.0,2
2026-05-14 16:57:48,70,0.0,0.0,16.15,100.0,0.0,2
2026-05-14 16:57:52,71,0.0,0.0,16.15,100.0,0.0,2
2026-05-14 16:57:56,72,0.0,0.0,16.15,100.0,0.0,2
2026-05-14 16:58:00,73,0.0,0.0,16.15,100.0,0.0,2
2026-05-14 16:58:04,74,0.0,0.0,16.15,100.0,0.0,2
2026-05-14 16:58:08,75,0.0,0.0,16.15,100.0,0.0,2
2026-05-14 16:58:12,76,0.0,0.0,16.15,100.0,0.0,2
2026-05-14 16:58:16,77,0.0,0.0,16.15,100.0,0.0,2
2026-05-14 16:58:20,78,0.0,0.0,16.15,100.0,0.0,2
2026-05-14 16:58:24,79,0.0,0.0,16.15,100.0,0.0,2
2026-05-14 16:58:28,80,0.0,0.0,16.15,100.0,0.0,2
2026-05-14 16:58:32,81,0.0,0.0,16.15,100.0,0.0,2
2026-05-14 16:58:36,82,0.0,0.0,16.15,100.0,0.0,2
2026-05-14 16:58:40,83,0.0,0.0,16.15,100.0,0.0,2
2026-05-14 16:58:44,84,0.0,0.0,16.15,100.0,0.0,2
2026-05-14 16:58:48,85,0.0,0.0,16.15,100.0,0.0,2
2026-05-14 16:58:52,86,0.0,0.0,16.15,100.0,0.0,2
2026-05-14 16:58:56,87,0.0,0.0,16.15,100.0,0.0,2
2026-05-14 16:59:00,88,0.0,0.0,16.15,100.0,0.0,2
2026-05-14 16:59:04,89,0.0,0.0,16.15,100.0,0.0,2
2026-05-14 16:59:08,90,0.0,0.0,16.15,100.0,0.0,2
2026-05-14 16:59:12,91,0.0,0.0,16.15,100.0,0.0,2
2026-05-14 16:59:16,92,0.0,0.0,16.15,100.0,0.0,2
2026-05-14 16:59:20,93,0.0,0.0,16.15,100.0,0.0,2
2026-05-14 16:59:24,94,0.0,0.0,16.15,100.0,0.0,2
2026-05-14 16:59:28,95,0.0,0.0,16.15,100.0,0.0,2
2026-05-14 16:59:32,96,0.0,0.0,16.15,100.0,0.0,2
2026-05-14 16:59:36,97,0.0,0.0,16.15,100.0,0.0,2
2026-05-14 16:59:40,98,0.0,0.0,16.15,100.0,0.0,2
2026-05-14 16:59:44,99,0.0,0.0,16.15,100.0,0.0,2
2026-05-14 16:59:48,100,0.0,0.0,16.15,100.0,0.0,2
2026-05-14 16:59:52,101,0.0,0.0,16.15,100.0,0.0,2
2026-05-14 16:59:56,102,0.0,0.0,16.15,100.0,0.0,2
2026-05-14 17:00:00,103,0.0,0.0,16.15,100.0,0.0,2
2026-05-14 17:00:04,104,0.0,0.0,16.15,100.0,0.0,2
2026-05-14 17:00:08,105,0.0,0.0,16.15,100.0,0.0,2
2026-05-14 17:00:12,106,0.0,0.0,16.15,100.0,0.0,2
2026-05-14 17:00:16,107,0.0,0.0,16.15,100.0,0.0,2
2026-05-14 17:00:20,108,0.0,0.0,16.15,100.0,0.0,2
2026-05-14 17:00:24,109,0.0,0.0,16.15,100.0,0.0,2
2026-05-14 17:00:28,110,0.0,0.0,16.15,100.0,0.0,2
2026-05-14 17:00:32,111,0.0,0.0,16.15,100.0,0.0,2
2026-05-14 17:00:36,112,0.0,0.0,16.15,100.0,0.0,2
2026-05-14 17:00:40,113,0.0,0.0,16.15,100.0,0.0,2
2026-05-14 17:00:44,114,0.0,0.0,16.15,100.0,0.0,2
2026-05-14 17:00:48,115,0.0,0.0,16.15,100.0,0.0,2
2026-05-14 17:00:52,116,0.0,0.0,16.15,100.0,0.0,2
2026-05-14 17:00:56,117,0.0,0.0,16.15,100.0,0.0,2
2026-05-14 17:01:00,118,0.0,0.0,16.15,100.0,0.0,2
2026-05-14 17:01:04,119,0.0,0.0,16.15,100.0,0.0,2
2026-05-14 17:01:08,120,0.0,0.0,16.15,100.0,0.0,2
2026-05-14 17:01:12,121,0.0,0.0,16.15,100.0,0.0,2
2026-05-14 17:01:16,122,0.0,0.0,16.15,100.0,0.0,2
2026-05-14 17:01:20,123,0.0,0.0,16.15,100.0,0.0,2
2026-05-14 17:01:24,124,0.0,0.0,16.15,100.0,0.0,2
2026-05-14 17:01:28,125,0.0,0.0,16.15,100.0,0.0,2
2026-05-14 17:01:32,126,0.0,0.0,16.15,100.0,0.0,2
2026-05-14 17:01:36,127,0.0,0.0,16.15,100.0,0.0,2
2026-05-14 17:01:40,128,0.0,0.0,16.15,100.0,0.0,2
2026-05-14 17:01:44,129,0.0,0.0,16.15,100.0,0.0,2
2026-05-14 17:01:48,130,0.0,0.0,16.15,100.0,0.0,2
2026-05-14 17:01:52,131,0.0,0.0,16.15,100.0,0.0,2
2026-05-14 17:01:56,132,0.0,0.0,16.15,100.0,0.0,2
2026-05-14 17:02:00,133,0.0,0.0,16.15,100.0,0.0,2
2026-05-14 17:02:04,134,0.0,0.0,16.15,100.0,0.0,2
2026-05-14 17:02:08,135,0.0,0.0,16.15,100.0,0.0,2
2026-05-14 17:02:12,136,0.0,0.0,16.15,100.0,0.0,2
2026-05-14 17:02:16,137,0.0,0.0,16.15,100.0,0.0,2
2026-05-14 17:02:20,138,0.0,0.0,16.15,100.0,0.0,2
2026-05-14 17:02:24,139,0.0,0.0,16.15,100.0,0.0,2
2026-05-14 17:02:28,140,0.0,0.0,16.15,100.0,0.0,2
2026-05-14 17:02:32,141,0.0,0.0,16.15,100.0,0.0,2
2026-05-14 17:02:36,142,0.0,0.0,16.15,100.0,0.0,2
2026-05-14 17:02:40,143,0.0,0.0,16.15,100.0,0.0,2
2026-05-14 17:02:44,144,0.0,0.0,16.15,100.0,0.0,2
2026-05-14 17:02:48,145,0.0,0.0,16.15,100.0,0.0,2
2026-05-14 17:02:52,146,0.0,0.0,16.15,100.0,0.0,2
2026-05-14 17:02:56,147,0.0,0.0,16.15,100.0,0.0,2
2026-05-14 17:03:00,148,0.0,0.0,16.15,100.0,0.0,2
2026-05-14 17:03:04,149,0.0,0.0,16.15,100.0,0.0,2
2026-05-14 17:03:08,150,0.0,0.0,16.15,100.0,0.0,2
2026-05-14 17:03:12,151,0.0,0.0,16.15,100.0,0.0,2
2026-05-14 17:03:16,152,0.0,0.0,16.15,100.0,0.0,2
2026-05-14 17:03:20,153,0.0,0.0,16.15,100.0,0.0,2
2026-05-14 17:03:24,154,0.0,0.0,16.15,100.0,0.0,2
2026-05-14 17:03:28,155,0.0,0.0,16.15,100.0,0.0,2
2026-05-14 17:03:32,156,0.0,0.0,16.15,100.0,0.0,2
2026-05-14 17:03:36,157,0.0,0.0,16.15,100.0,0.0,2
2026-05-14 17:03:40,158,0.0,0.0,16.15,100.0,0.0,2
2026-05-14 17:03:44,159,0.0,0.0,16.15,100.0,0.0,2
2026-05-14 17:03:48,160,0.0,0.0,16.15,100.0,0.0,2
2026-05-14 17:03:52,161,0.0,0.0,16.15,100.0,0.0,2
2026-05-14 17:03:56,162,0.0,0.0,16.15,100.0,0.0,2
2026-05-14 17:04:00,163,0.0,0.0,16.15,100.0,0.0,2
2026-05-14 17:04:04,164,0.0,0.0,16.15,100.0,0.0,2
2026-05-14 17:04:08,165,0.0,0.0,16.15,100.0,0.0,2
2026-05-14 17:04:12,166,0.0,0.0,16.15,100.0,0.0,2
2026-05-14 17:04:16,167,0.0,0.0,16.15,100.0,0.0,2
2026-05-14 17:04:20,168,0.0,0.0,16.15,100.0,0.0,2
2026-05-14 17:04:24,169,0.0,0.0,16.15,100.0,0.0,2
2026-05-14 17:04:28,170,0.0,0.0,16.15,100.0,0.0,2
2026-05-14 17:04:32,171,0.0,0.0,16.15,100.0,0.0,2
2026-05-14 17:04:36,172,0.0,0.0,16.15,100.0,0.0,2
2026-05-14 17:04:40,173,0.0,0.0,16.15,100.0,0.0,2
2026-05-14 17:04:44,174,0.0,0.0,16.15,100.0,0.0,2
2026-05-14 17:04:48,175,0.0,0.0,16.15,100.0,0.0,2
2026-05-14 17:04:52,176,0.0,0.0,16.15,100.0,0.0,2
2026-05-14 17:04:56,177,0.0,0.0,16.15,100.0,0.0,2
2026-05-14 17:05:00,178,0.0,0.0,16.15,100.0,0.0,2
2026-05-14 17:05:04,179,0.0,0.0,16.15,100.0,0.0,2
2026-05-14 17:05:08,180,0.0,0.0,16.15,100.0,0.0,2
2026-05-14 17:05:12,181,0.0,0.0,16.15,100.0,0.0,2
2026-05-14 17:05:16,182,0.0,0.0,16.15,100.0,0.0,2
2026-05-14 17:05:20,183,0.0,0.0,16.15,100.0,0.0,2
2026-05-14 17:05:24,184,0.0,0.0,16.15,100.0,0.0,2
2026-05-14 17:05:28,185,0.0,0.0,16.15,100.0,0.0,2
2026-05-14 17:05:32,186,0.0,0.0,16.15,100.0,0.0,2
2026-05-14 17:05:36,187,0.0,0.0,16.15,100.0,0.0,2
2026-05-14 17:05:40,188,0.0,0.0,16.15,100.0,0.0,2
2026-05-14 17:05:44,189,0.0,0.0,16.15,100.0,0.0,2
2026-05-14 17:05:48,190,0.0,0.0,16.15,100.0,0.0,2
2026-05-14 17:05:52,191,0.0,0.0,16.15,100.0,0.0,2
2026-05-14 17:05:56,192,0.0,0.0,16.15,100.0,0.0,2
2026-05-14 17:06:00,193,0.0,0.0,16.15,100.0,0.0,2
2026-05-14 17:06:04,194,0.0,0.0,16.15,100.0,0.0,2
2026-05-14 17:06:08,195,0.0,0.0,16.15,100.0,0.0,2
2026-05-14 17:06:12,196,0.0,0.0,16.15,100.0,0.0,2
2026-05-14 17:06:16,197,0.0,0.0,16.15,100.0,0.0,2
2026-05-14 17:06:20,198,0.0,0.0,16.15,100.0,0.0,2
2026-05-14 17:06:24,199,0.0,0.0,16.15,100.0,0.0,2
2026-05-14 17:06:28,200,0.0,0.0,16.15,100.0,0.0,2
2026-05-14 17:06:32,201,0.0,0.0,16.15,100.0,0.0,2
2026-05-14 17:06:36,202,0.0,0.0,16.15,100.0,0.0,2
2026-05-14 17:06:40,203,0.0,0.0,16.15,100.0,0.0,2
2026-05-14 17:06:44,204,0.0,0.0,16.15,100.0,0.0,2
2026-05-14 17:06:48,205,0.0,0.0,16.15,100.0,0.0,2
2026-05-14 17:06:52,206,0.0,0.0,16.15,100.0,0.0,2
2026-05-14 17:06:56,207,0.0,0.0,16.15,100.0,0.0,2
2026-05-14 17:07:00,208,0.0,0.0,16.15,100.0,0.0,2
2026-05-14 17:07:04,209,0.0,0.0,16.15,100.0,0.0,2
2026-05-14 17:07:08,210,0.0,0.0,16.15,100.0,0.0,2
2026-05-14 17:07:12,211,0.0,0.0,16.15,100.0,0.0,2
2026-05-14 17:07:16,212,0.0,0.0,16.15,100.0,0.0,2
2026-05-14 17:07:20,213,0.0,0.0,16.15,100.0,0.0,2
2026-05-14 17:07:24,214,0.0,0.0,16.15,100.0,0.0,2
2026-05-14 17:07:28,215,0.0,0.0,16.15,100.0,0.0,2
2026-05-14 17:07:32,216,0.0,0.0,16.15,100.0,0.0,2
2026-05-14 17:07:36,217,0.0,0.0,16.15,100.0,0.0,2
2026-05-14 17:07:40,218,0.0,0.0,16.15,100.0,0.0,2
2026-05-14 17:07:44,219,0.0,0.0,16.15,100.0,0.0,2
2026-05-14 17:07:48,220,0.0,0.0,16.15,100.0,0.0,2
2026-05-14 17:07:52,221,0.0,0.0,16.15,100.0,0.0,2
2026-05-14 17:07:56,222,0.0,0.0,16.15,100.0,0.0,2
2026-05-14 17:08:00,223,0.0,0.0,16.15,100.0,0.0,2
2026-05-14 17:08:04,224,0.0,0.0,16.15,100.0,0.0,2
2026-05-14 17:08:08,225,0.0,0.0,16.15,100.0,0.0,2
2026-05-14 17:08:12,226,0.0,0.0,16.15,100.0,0.0,2
2026-05-14 17:08:16,227,0.0,0.0,16.15,100.0,0.0,2
2026-05-14 17:08:20,228,0.0,0.0,16.15,100.0,0.0,2
2026-05-14 17:08:24,229,0.0,0.0,16.15,100.0,0.0,2
2026-05-14 17:08:28,230,0.0,0.0,16.15,100.0,0.0,2
2026-05-14 17:08:32,231,0.0,0.0,16.15,100.0,0.0,2
2026-05-14 17:08:36,232,0.0,0.0,16.15,100.0,0.0,2
2026-05-14 17:08:40,233,0.0,0.0,16.15,100.0,0.0,2
2026-05-14 17:08:44,234,0.0,0.0,16.15,100.0,0.0,2
2026-05-14 17:08:48,235,0.0,0.0,16.15,100.0,0.0,2
2026-05-14 17:08:52,236,0.0,0.0,16.15,100.0,0.0,2
2026-05-14 17:08:56,237,0.0,0.0,16.15,100.0,0.0,2
2026-05-14 17:09:00,238,0.0,0.0,16.15,100.0,0.0,2
2026-05-14 17:09:04,239,0.0,0.0,16.15,100.0,0.0,2
2026-05-14 17:09:08,240,0.0,0.0,16.15,100.0,0.0,2
2026-05-14 17:09:12,241,0.0,0.0,16.15,100.0,0.0,2
2026-05-14 17:09:16,242,0.0,0.0,16.15,100.0,0.0,2
2026-05-14 17:09:20,243,0.0,0.0,16.15,100.0,0.0,2
2026-05-14 17:09:24,244,0.0,0.0,16.15,100.0,0.0,2
2026-05-14 17:09:28,245,0.0,0.0,16.15,100.0,0.0,2
2026-05-14 17:09:32,246,0.0,0.0,16.15,100.0,0.0,2
2026-05-14 17:09:36,247,0.0,0.0,16.15,100.0,0.0,2
2026-05-14 17:09:40,248,0.0,0.0,16.15,100.0,0.0,2
2026-05-14 17:09:44,249,0.0,0.0,16.15,100.0,0.0,2
2026-05-14 17:09:48,250,0.0,0.0,16.15,100.0,0.0,2
2026-05-14 17:09:52,251,0.0,0.0,16.15,100.0,0.0,2
2026-05-14 17:09:56,252,0.0,0.0,16.15,100.0,0.0,2
2026-05-14 17:10:00,253,0.0,0.0,16.15,100.0,0.0,2
2026-05-14 17:10:04,254,0.0,0.0,16.15,100.0,0.0,2
2026-05-14 17:10:08,255,0.0,0.0,16.15,100.0,0.0,2
2026-05-14 17:10:12,256,0.0,0.0,16.15,100.0,0.0,2
2026-05-14 17:10:16,257,0.0,0.0,16.15,100.0,0.0,2
2026-05-14 17:10:20,258,0.0,0.0,16.15,100.0,0.0,2
2026-05-14 17:10:24,259,0.0,0.0,16.15,100.0,0.0,2
2026-05-14 17:10:28,260,0.0,0.0,16.15,100.0,0.0,2
2026-05-14 17:10:32,261,0.0,0.0,16.15,100.0,0.0,2
2026-05-14 17:10:36,262,0.0,0.0,16.15,100.0,0.0,2
2026-05-14 17:10:40,263,0.0,0.0,16.15,100.0,0.0,2
2026-05-14 17:10:44,264,0.0,0.0,16.15,100.0,0.0,2
2026-05-14 17:10:48,265,0.0,0.0,16.15,100.0,0.0,2
2026-05-14 17:10:52,266,0.0,0.0,16.15,100.0,0.0,2
2026-05-14 17:10:56,267,0.0,0.0,16.15,100.0,0.0,2
2026-05-14 17:11:00,268,0.0,0.0,16.15,100.0,0.0,2
2026-05-14 17:11:04,269,0.0,0.0,16.15,100.0,0.0,2
2026-05-14 17:11:08,270,0.0,0.0,16.15,100.0,0.0,2
2026-05-14 17:11:12,271,0.0,0.0,16.15,100.0,0.0,2
2026-05-14 17:11:16,272,0.0,0.0,16.15,100.0,0.0,2
2026-05-14 17:11:20,273,0.0,0.0,16.15,100.0,0.0,2
2026-05-14 17:11:24,274,0.0,0.0,16.15,100.0,0.0,2
2026-05-14 17:11:28,275,0.0,0.0,16.15,100.0,0.0,2
2026-05-14 17:11:32,276,0.0,0.0,16.15,100.0,0.0,2
2026-05-14 17:11:36,277,0.0,0.0,16.15,100.0,0.0,2
2026-05-14 17:11:40,278,0.0,0.0,16.15,100.0,0.0,2
2026-05-14 17:11:44,279,0.0,0.0,16.15,100.0,0.0,2
2026-05-14 17:11:48,280,0.0,0.0,16.15,100.0,0.0,2
2026-05-14 17:11:52,281,0.0,0.0,16.15,100.0,0.0,2
2026-05-14 17:11:56,282,0.0,0.0,16.15,100.0,0.0,2
2026-05-14 17:12:00,283,0.0,0.0,16.15,100.0,0.0,2
2026-05-14 17:12:04,284,0.0,0.0,16.15,100.0,0.0,2
2026-05-14 17:12:08,285,0.0,0.0,16.15,100.0,0.0,2
2026-05-14 17:12:12,286,0.0,0.0,16.15,100.0,0.0,2
2026-05-14 17:12:16,287,0.0,0.0,16.15,100.0,0.0,2
2026-05-14 17:12:20,288,0.0,0.0,16.15,100.0,0.0,2
2026-05-14 17:12:24,289,0.0,0.0,16.15,100.0,0.0,2
2026-05-14 17:12:28,290,0.0,0.0,16.15,100.0,0.0,2
2026-05-14 17:12:32,291,0.0,0.0,16.15,100.0,0.0,2
2026-05-14 17:12:36,292,0.0,0.0,16.15,100.0,0.0,2
2026-05-14 17:12:40,293,0.0,0.0,16.15,100.0,0.0,2
2026-05-14 17:12:44,294,0.0,0.0,16.15,100.0,0.0,2
2026-05-14 17:12:48,295,0.0,0.0,16.15,100.0,0.0,2
2026-05-14 17:12:52,296,0.0,0.0,16.15,100.0,0.0,2
2026-05-14 17:12:56,297,0.0,0.0,16.15,100.0,0.0,2
2026-05-14 17:13:00,298,0.0,0.0,16.15,100.0,0.0,2
2026-05-14 17:13:04,299,0.0,0.0,16.15,100.0,0.0,2
2026-05-14 17:13:08,300,0.0,0.0,16.15,100.0,0.0,2
2026-05-14 17:13:12,301,0.0,0.0,16.15,100.0,0.0,2
2026-05-14 17:13:16,302,0.0,0.0,16.15,100.0,0.0,2
2026-05-14 17:13:20,303,0.0,0.0,16.15,100.0,0.0,2
2026-05-14 17:13:24,304,0.0,0.0,16.15,100.0,0.0,2
2026-05-14 17:13:28,305,0.0,0.0,16.15,100.0,0.0,2
2026-05-14 17:13:32,306,0.0,0.0,16.15,100.0,0.0,2
2026-05-14 17:13:36,307,0.0,0.0,16.15,100.0,0.0,2
2026-05-14 17:13:40,308,0.0,0.0,16.15,100.0,0.0,2
2026-05-14 17:13:44,309,0.0,0.0,16.15,100.0,0.0,2
2026-05-14 17:13:48,310,0.0,0.0,16.15,100.0,0.0,2
2026-05-14 17:13:52,311,0.0,0.0,16.15,100.0,0.0,2
2026-05-14 17:13:56,312,0.0,0.0,16.15,100.0,0.0,2
2026-05-14 17:14:00,313,0.0,0.0,16.15,100.0,0.0,2
2026-05-14 17:14:04,314,0.0,0.0,16.15,100.0,0.0,2
2026-05-14 17:14:08,315,0.0,0.0,16.15,100.0,0.0,2
2026-05-14 17:14:12,316,0.0,0.0,16.15,100.0,0.0,2
2026-05-14 17:14:16,317,0.0,0.0,16.15,100.0,0.0,2
2026-05-14 17:14:20,318,0.0,0.0,16.15,100.0,0.0,2
2026-05-14 17:14:24,319,0.0,0.0,16.15,100.0,0.0,2
2026-05-14 17:14:28,320,0.0,0.0,16.15,100.0,0.0,2
2026-05-14 17:14:32,321,0.0,0.0,16.15,100.0,0.0,2
2026-05-14 17:14:36,322,0.0,0.0,16.15,100.0,0.0,2
2026-05-14 17:14:40,323,0.0,0.0,16.15,100.0,0.0,2
2026-05-14 17:14:44,324,0.0,0.0,16.15,100.0,0.0,2
2026-05-14 17:14:48,325,0.0,0.0,16.15,100.0,0.0,2
2026-05-14 17:14:52,326,0.0,0.0,16.15,100.0,0.0,2
2026-05-14 17:14:56,327,0.0,0.0,16.15,100.0,0.0,2
2026-05-14 17:15:00,328,0.0,0.0,16.15,100.0,0.0,2
2026-05-14 17:15:04,329,0.0,0.0,16.15,100.0,0.0,2
2026-05-14 17:15:08,330,0.0,0.0,16.15,100.0,0.0,2
2026-05-14 17:15:12,331,0.0,0.0,16.15,100.0,0.0,2
2026-05-14 17:15:16,332,0.0,0.0,16.15,100.0,0.0,2
2026-05-14 17:15:20,333,0.0,0.0,16.15,100.0,0.0,2
2026-05-14 17:15:24,334,0.0,0.0,16.15,100.0,0.0,2
2026-05-14 17:15:28,335,0.0,0.0,16.15,100.0,0.0,2
2026-05-14 17:15:32,336,0.0,0.0,16.15,100.0,0.0,2
2026-05-14 17:15:36,337,0.0,0.0,16.15,100.0,0.0,2
2026-05-14 17:15:40,338,0.0,0.0,16.15,100.0,0.0,2
2026-05-14 17:15:44,339,0.0,0.0,16.15,100.0,0.0,2
2026-05-14 17:15:48,340,0.0,0.0,16.15,100.0,0.0,2
2026-05-14 17:15:52,341,0.0,0.0,16.15,100.0,0.0,2
2026-05-14 17:15:56,342,0.0,0.0,16.15,100.0,0.0,2
2026-05-14 17:16:00,343,0.0,0.0,16.15,100.0,0.0,2
2026-05-14 17:16:04,344,0.0,0.0,16.15,100.0,0.0,2
2026-05-14 17:16:08,345,0.0,0.0,16.15,100.0,0.0,2
2026-05-14 17:16:12,346,0.0,0.0,16.15,100.0,0.0,2
2026-05-14 17:16:16,347,0.0,0.0,16.15,100.0,0.0,2
2026-05-14 17:16:20,348,0.0,0.0,16.15,100.0,0.0,2
2026-05-14 17:16:24,349,0.0,0.0,16.15,100.0,0.0,2
2026-05-14 17:16:28,350,0.0,0.0,16.15,100.0,0.0,2
2026-05-14 17:16:32,351,0.0,0.0,16.15,100.0,0.0,2
2026-05-14 17:16:36,352,0.0,0.0,16.15,100.0,0.0,2
2026-05-14 17:16:40,353,0.0,0.0,16.15,100.0,0.0,2
2026-05-14 17:16:44,354,0.0,0.0,16.15,100.0,0.0,2
2026-05-14 17:16:48,355,0.0,0.0,16.15,100.0,0.0,2
2026-05-14 17:16:52,356,0.0,0.0,16.15,100.0,0.0,2
2026-05-14 17:16:56,357,0.0,0.0,16.15,100.0,0.0,2
2026-05-14 17:17:00,358,0.0,0.0,16.15,100.0,0.0,2
2026-05-14 17:17:04,359,0.0,0.0,16.15,100.0,0.0,2
2026-05-14 17:17:08,360,0.0,0.0,16.15,100.0,0.0,2
2026-05-14 17:17:12,361,0.0,0.0,16.15,100.0,0.0,2
2026-05-14 17:17:16,362,0.0,0.0,16.15,100.0,0.0,2
2026-05-14 17:17:20,363,0.0,0.0,16.15,100.0,0.0,2
2026-05-14 17:17:24,364,0.0,0.0,16.15,100.0,0.0,2
2026-05-14 17:17:28,365,0.0,0.0,16.15,100.0,0.0,2
2026-05-14 17:17:32,366,0.0,0.0,16.15,100.0,0.0,2
2026-05-14 17:17:36,367,0.0,0.0,16.15,100.0,0.0,2
2026-05-14 17:17:40,368,0.0,0.0,16.15,100.0,0.0,2
2026-05-14 17:17:44,369,0.0,0.0,16.15,100.0,0.0,2
2026-05-14 17:17:48,370,0.0,0.0,16.15,100.0,0.0,2
2026-05-14 17:17:52,371,0.0,0.0,16.15,100.0,0.0,2
2026-05-14 17:17:56,372,0.0,0.0,16.15,100.0,0.0,2
2026-05-14 17:18:00,373,0.0,0.0,16.15,100.0,0.0,2
2026-05-14 17:18:04,374,0.0,0.0,16.15,100.0,0.0,2
2026-05-14 17:18:08,375,0.0,0.0,16.15,100.0,0.0,2
2026-05-14 17:18:12,376,0.0,0.0,16.15,100.0,0.0,2
2026-05-14 17:18:16,377,0.0,0.0,16.15,100.0,0.0,2
2026-05-14 17:18:20,378,0.0,0.0,16.15,100.0,0.0,2
2026-05-14 17:18:24,379,0.0,0.0,16.15,100.0,0.0,2
2026-05-14 17:18:28,380,0.0,0.0,16.15,100.0,0.0,2
2026-05-14 17:18:32,381,0.0,0.0,16.15,100.0,0.0,2
2026-05-14 17:18:36,382,0.0,0.0,16.15,100.0,0.0,2
2026-05-14 17:18:40,383,0.0,0.0,16.15,100.0,0.0,2
2026-05-14 17:18:44,384,0.0,0.0,16.15,100.0,0.0,2
2026-05-14 17:18:48,385,0.0,0.0,16.15,100.0,0.0,2
2026-05-14 17:18:52,386,0.0,0.0,16.15,100.0,0.0,2
2026-05-14 17:18:56,387,0.0,0.0,16.15,100.0,0.0,2
2026-05-14 17:19:00,388,0.0,0.0,16.15,100.0,0.0,2
2026-05-14 17:19:04,389,0.0,0.0,16.15,100.0,0.0,2
2026-05-14 17:19:08,390,0.0,0.0,16.15,100.0,0.0,2
2026-05-14 17:19:12,391,0.0,0.0,16.15,100.0,0.0,2
2026-05-14 17:19:16,392,0.0,0.0,16.15,100.0,0.0,2
2026-05-14 17:19:20,393,0.0,0.0,16.15,100.0,0.0,2
2026-05-14 17:19:24,394,0.0,0.0,16.15,100.0,0.0,2
2026-05-14 17:19:28,395,0.0,0.0,16.15,100.0,0.0,2
2026-05-14 17:19:32,396,0.0,0.0,16.15,100.0,0.0,2
2026-05-14 17:19:36,397,0.0,0.0,16.15,100.0,0.0,2
2026-05-14 17:19:40,398,0.0,0.0,16.15,100.0,0.0,2
2026-05-14 17:19:44,399,0.0,0.0,16.15,100.0,0.0,2
2026-05-14 17:19:48,400,0.0,0.0,16.15,100.0,0.0,2
2026-05-14 17:19:52,401,0.0,0.0,16.15,100.0,0.0,2
2026-05-14 17:19:56,402,0.0,0.0,16.15,100.0,0.0,2
2026-05-14 17:20:00,403,0.0,0.0,16.15,100.0,0.0,2
2026-05-14 17:20:04,404,0.0,0.0,16.15,100.0,0.0,2
2026-05-14 17:20:08,405,0.0,0.0,16.15,100.0,0.0,2
2026-05-14 17:20:12,406,0.0,0.0,16.15,100.0,0.0,2
2026-05-14 17:20:16,407,0.0,0.0,16.15,100.0,0.0,2
2026-05-14 17:20:20,408,0.0,0.0,16.15,100.0,0.0,2
2026-05-14 17:20:24,409,0.0,0.0,16.15,100.0,0.0,2
2026-05-14 17:20:28,410,0.0,0.0,16.15,100.0,0.0,2
2026-05-14 17:20:32,411,0.0,0.0,16.15,100.0,0.0,2
2026-05-14 17:20:36,412,0.0,0.0,16.15,100.0,0.0,2
2026-05-14 17:20:40,413,0.0,0.0,16.15,100.0,0.0,2
2026-05-14 17:20:44,414,0.0,0.0,16.15,100.0,0.0,2
2026-05-14 17:20:48,415,0.0,0.0,16.15,100.0,0.0,2
2026-05-14 17:20:52,416,0.0,0.0,16.15,100.0,0.0,2
2026-05-14 17:20:56,417,0.0,0.0,16.15,100.0,0.0,2
2026-05-14 17:21:00,418,0.0,0.0,16.15,100.0,0.0,2
2026-05-14 17:21:04,419,0.0,0.0,16.15,100.0,0.0,2
2026-05-14 17:21:08,420,0.0,0.0,16.15,100.0,0.0,2
2026-05-14 17:21:12,421,0.0,0.0,16.15,100.0,0.0,2
2026-05-14 17:21:16,422,0.0,0.0,16.15,100.0,0.0,2
2026-05-14 17:21:20,423,0.0,0.0,16.15,100.0,0.0,2
2026-05-14 17:21:24,424,0.0,0.0,16.15,100.0,0.0,2
2026-05-14 17:21:28,425,0.0,0.0,16.15,100.0,0.0,2
2026-05-14 17:21:32,426,0.0,0.0,16.15,100.0,0.0,2
2026-05-14 17:21:36,427,0.0,0.0,16.15,100.0,0.0,2
2026-05-14 17:21:40,428,0.0,0.0,16.15,100.0,0.0,2
2026-05-14 17:21:44,429,0.0,0.0,16.15,100.0,0.0,2
2026-05-14 17:21:48,430,0.0,0.0,16.15,100.0,0.0,2
2026-05-14 17:21:52,431,0.0,0.0,16.15,100.0,0.0,2
2026-05-14 17:21:56,432,0.0,0.0,16.15,100.0,0.0,2
2026-05-14 17:22:00,433,0.0,0.0,16.15,100.0,0.0,2
2026-05-14 17:22:04,434,0.0,0.0,16.15,100.0,0.0,2
2026-05-14 17:22:08,435,0.0,0.0,16.15,100.0,0.0,2
2026-05-14 17:22:12,436,0.0,0.0,16.15,100.0,0.0,2
2026-05-14 17:22:16,437,0.0,0.0,16.15,100.0,0.0,2
2026-05-14 17:22:20,438,0.0,0.0,16.15,100.0,0.0,2
2026-05-14 17:22:24,439,0.0,0.0,16.15,100.0,0.0,2
2026-05-14 17:22:28,440,0.0,0.0,16.15,100.0,0.0,2
2026-05-14 17:22:32,441,0.0,0.0,16.15,100.0,0.0,2
2026-05-14 17:22:36,442,0.0,0.0,16.15,100.0,0.0,2
2026-05-14 17:22:40,443,0.0,0.0,16.15,100.0,0.0,2
2026-05-14 17:22:44,444,0.0,0.0,16.15,100.0,0.0,2
2026-05-14 17:22:48,445,0.0,0.0,16.15,100.0,0.0,2
2026-05-14 17:22:52,446,0.0,0.0,16.15,100.0,0.0,2
2026-05-14 17:22:56,447,0.0,0.0,16.15,100.0,0.0,2
2026-05-14 17:23:00,448,0.0,0.0,16.15,100.0,0.0,2
2026-05-14 17:23:04,449,0.0,0.0,16.15,100.0,0.0,2
2026-05-14 17:23:08,450,0.0,0.0,16.15,100.0,0.0,2
2026-05-14 17:23:12,451,0.0,0.0,16.15,100.0,0.0,2
2026-05-14 17:23:16,452,0.0,0.0,16.15,100.0,0.0,2
2026-05-14 17:23:20,453,0.0,0.0,16.15,100.0,0.0,2
2026-05-14 17:23:24,454,0.0,0.0,16.15,100.0,0.0,2
2026-05-14 17:23:28,455,0.0,0.0,16.15,100.0,0.0,2
2026-05-14 17:23:32,456,0.0,0.0,16.15,100.0,0.0,2
2026-05-14 17:23:36,457,0.0,0.0,16.15,100.0,0.0,2
2026-05-14 17:23:40,458,0.0,0.0,16.15,100.0,0.0,2
2026-05-14 17:23:44,459,0.0,0.0,16.15,100.0,0.0,2
2026-05-14 17:23:48,460,0.0,0.0,16.15,100.0,0.0,2
2026-05-14 17:23:52,461,0.0,0.0,16.15,100.0,0.0,2
2026-05-14 17:23:56,462,0.0,0.0,16.15,100.0,0.0,2
2026-05-14 17:24:00,463,0.0,0.0,16.15,100.0,0.0,2
2026-05-14 17:24:04,464,0.0,0.0,16.15,100.0,0.0,2
2026-05-14 17:24:08,465,0.0,0.0,16.15,100.0,0.0,2
2026-05-14 17:24:12,466,0.0,0.0,16.15,100.0,0.0,2
2026-05-14 17:24:16,467,0.0,0.0,16.15,100.0,0.0,2
2026-05-14 17:24:20,468,0.0,0.0,16.15,100.0,0.0,2
2026-05-14 17:24:24,469,0.0,0.0,16.15,100.0,0.0,2
2026-05-14 17:24:28,470,0.0,0.0,16.15,100.0,0.0,2
2026-05-14 17:24:32,471,0.0,0.0,16.15,100.0,0.0,2
2026-05-14 17:24:36,472,0.0,0.0,16.15,100.0,0.0,2
2026-05-14 17:24:40,473,0.0,0.0,16.15,100.0,0.0,2
2026-05-14 17:24:44,474,0.0,0.0,16.15,100.0,0.0,2
2026-05-14 17:24:48,475,0.0,0.0,16.15,100.0,0.0,2
2026-05-14 17:24:52,476,0.0,0.0,16.15,100.0,0.0,2
2026-05-14 17:24:56,477,0.0,0.0,16.15,100.0,0.0,2
2026-05-14 17:25:00,478,0.0,0.0,16.15,100.0,0.0,2
2026-05-14 17:25:04,479,0.0,0.0,16.15,100.0,0.0,2
2026-05-14 17:25:08,480,0.0,0.0,16.15,100.0,0.0,2
2026-05-14 17:25:12,481,0.0,0.0,16.15,100.0,0.0,2
2026-05-14 17:25:16,482,0.0,0.0,16.15,100.0,0.0,2
2026-05-14 17:25:20,483,0.0,0.0,16.15,100.0,0.0,2
2026-05-14 17:25:24,484,0.0,0.0,16.15,100.0,0.0,2
2026-05-14 17:25:28,485,0.0,0.0,16.15,100.0,0.0,2
2026-05-14 17:25:32,486,0.0,0.0,16.15,100.0,0.0,2
2026-05-14 17:25:36,487,0.0,0.0,16.15,100.0,0.0,2
2026-05-14 17:25:40,488,0.0,0.0,16.15,100.0,0.0,2
2026-05-14 17:25:44,489,0.0,0.0,16.15,100.0,0.0,2
2026-05-14 17:25:48,490,0.0,0.0,16.15,100.0,0.0,2
2026-05-14 17:25:52,491,0.0,0.0,16.15,100.0,0.0,2
2026-05-14 17:25:56,492,0.0,0.0,16.15,100.0,0.0,2
2026-05-14 17:26:00,493,0.0,0.0,16.15,100.0,0.0,2
2026-05-14 17:26:04,494,0.0,0.0,16.15,100.0,0.0,2
2026-05-14 17:26:08,495,0.0,0.0,16.15,100.0,0.0,2
2026-05-14 17:26:12,496,0.0,0.0,16.15,100.0,0.0,2
2026-05-14 17:26:16,497,0.0,0.0,16.15,100.0,0.0,2
2026-05-14 17:26:20,498,0.0,0.0,16.15,100.0,0.0,2
2026-05-14 17:26:24,499,0.0,0.0,16.15,100.0,0.0,2
2026-05-14 17:26:28,500,0.0,0.0,16.15,100.0,0.0,2
2026-05-14 17:26:32,501,0.0,0.0,16.15,100.0,0.0,2
2026-05-14 17:26:36,502,0.0,0.0,16.15,100.0,0.0,2
2026-05-14 17:26:40,503,0.0,0.0,16.15,100.0,0.0,2
2026-05-14 17:26:44,504,0.0,0.0,16.15,100.0,0.0,2
2026-05-14 17:26:48,505,0.0,0.0,16.15,100.0,0.0,2
2026-05-14 17:26:52,506,0.0,0.0,16.15,100.0,0.0,2
2026-05-14 17:26:56,507,0.0,0.0,16.15,100.0,0.0,2
2026-05-14 17:27:00,508,0.0,0.0,16.15,100.0,0.0,2
2026-05-14 17:27:04,509,0.0,0.0,16.15,100.0,0.0,2
2026-05-14 17:27:08,510,0.0,0.0,16.15,100.0,0.0,2
2026-05-14 17:27:12,511,0.0,0.0,16.15,100.0,0.0,2
2026-05-14 17:27:16,512,0.0,0.0,16.15,100.0,0.0,2
2026-05-14 17:27:20,513,0.0,0.0,16.15,100.0,0.0,2
2026-05-14 17:27:24,514,0.0,0.0,16.15,100.0,0.0,2
2026-05-14 17:27:28,515,0.0,0.0,16.15,100.0,0.0,2
2026-05-14 17:27:32,516,0.0,0.0,16.15,100.0,0.0,2
2026-05-14 17:27:36,517,0.0,0.0,16.15,100.0,0.0,2
2026-05-14 17:27:40,518,0.0,0.0,16.15,100.0,0.0,2
2026-05-14 17:27:44,519,0.0,0.0,16.15,100.0,0.0,2
2026-05-14 17:27:48,520,0.0,0.0,16.15,100.0,0.0,2
2026-05-14 17:27:52,521,0.0,0.0,16.15,100.0,0.0,2
2026-05-14 17:27:56,522,0.0,0.0,16.15,100.0,0.0,2
2026-05-14 17:28:00,523,0.0,0.0,16.15,100.0,0.0,2
2026-05-14 17:28:04,524,0.0,0.0,16.15,100.0,0.0,2
2026-05-14 17:28:08,525,0.0,0.0,16.15,100.0,0.0,2
2026-05-14 17:28:12,526,0.0,0.0,16.15,100.0,0.0,2
2026-05-14 17:28:16,527,0.0,0.0,16.15,100.0,0.0,2
2026-05-14 17:28:20,528,0.0,0.0,16.15,100.0,0.0,2
2026-05-14 17:28:24,529,0.0,0.0,16.15,100.0,0.0,2
2026-05-14 17:28:28,530,0.0,0.0,16.15,100.0,0.0,2
2026-05-14 17:28:32,531,0.0,0.0,16.15,100.0,0.0,2
2026-05-14 17:28:36,532,0.0,0.0,16.15,100.0,0.0,2
2026-05-14 17:28:40,533,0.0,0.0,16.15,100.0,0.0,2
2026-05-14 17:28:44,534,0.0,0.0,16.15,100.0,0.0,2
2026-05-14 17:28:48,535,0.0,0.0,16.15,100.0,0.0,2
2026-05-14 17:28:52,536,0.0,0.0,16.15,100.0,0.0,2
2026-05-14 17:28:56,537,0.0,0.0,16.15,100.0,0.0,2
2026-05-14 17:29:00,538,0.0,0.0,16.15,100.0,0.0,2
2026-05-14 17:29:04,539,0.0,0.0,16.15,100.0,0.0,2
2026-05-14 17:29:08,540,0.0,0.0,16.15,100.0,0.0,2
2026-05-14 17:29:12,541,0.0,0.0,16.15,100.0,0.0,2
2026-05-14 17:29:16,542,0.0,0.0,16.15,100.0,0.0,2
2026-05-14 17:29:20,543,0.0,0.0,16.15,100.0,0.0,2
2026-05-14 17:29:24,544,0.0,0.0,16.15,100.0,0.0,2
2026-05-14 17:29:28,545,0.0,0.0,16.15,100.0,0.0,2
2026-05-14 17:29:32,546,0.0,0.0,16.15,100.0,0.0,2
2026-05-14 17:29:36,547,0.0,0.0,16.15,100.0,0.0,2
2026-05-14 17:29:40,548,0.0,0.0,16.15,100.0,0.0,2
2026-05-14 17:29:44,549,0.0,0.0,16.15,100.0,0.0,2
2026-05-14 17:29:48,550,0.0,0.0,16.15,100.0,0.0,2
2026-05-14 17:29:52,551,0.0,0.0,16.15,100.0,0.0,2
2026-05-14 17:29:56,552,0.0,0.0,16.15,100.0,0.0,2
2026-05-14 17:30:00,553,0.0,0.0,16.15,100.0,0.0,2
2026-05-14 17:30:04,554,0.0,0.0,16.15,100.0,0.0,2
2026-05-14 17:30:08,555,0.0,0.0,16.15,100.0,0.0,2
2026-05-14 17:30:12,556,0.0,0.0,16.15,100.0,0.0,2
2026-05-14 17:30:16,557,0.0,0.0,16.15,100.0,0.0,2
2026-05-14 17:30:20,558,0.0,0.0,16.15,100.0,0.0,2
2026-05-14 17:30:24,559,0.0,0.0,16.15,100.0,0.0,2
2026-05-14 17:30:28,560,0.0,0.0,16.15,100.0,0.0,2
2026-05-14 17:30:32,561,0.0,0.0,16.15,100.0,0.0,2
2026-05-14 17:30:36,562,0.0,0.0,16.15,100.0,0.0,2
2026-05-14 17:30:40,563,0.0,0.0,16.15,100.0,0.0,2
2026-05-14 17:30:44,564,0.0,0.0,16.15,100.0,0.0,2
2026-05-14 17:30:48,565,0.0,0.0,16.15,100.0,0.0,2
2026-05-14 17:30:52,566,0.0,0.0,16.15,100.0,0.0,2
2026-05-14 17:30:56,567,0.0,0.0,16.15,100.0,0.0,2
2026-05-14 17:31:00,568,0.0,0.0,16.15,100.0,0.0,2
2026-05-14 17:31:04,569,0.0,0.0,16.15,100.0,0.0,2
2026-05-14 17:31:08,570,0.0,0.0,16.15,100.0,0.0,2
2026-05-14 17:31:12,571,0.0,0.0,16.15,100.0,0.0,2
2026-05-14 17:31:16,572,0.0,0.0,16.15,100.0,0.0,2
2026-05-14 17:31:20,573,0.0,0.0,16.15,100.0,0.0,2
2026-05-14 17:31:24,574,0.0,0.0,16.15,100.0,0.0,2
2026-05-14 17:31:28,575,0.0,0.0,16.15,100.0,0.0,2
2026-05-14 17:31:32,576,0.0,0.0,16.15,100.0,0.0,2
2026-05-14 17:31:36,577,0.0,0.0,16.15,100.0,0.0,2
2026-05-14 17:31:40,578,0.0,0.0,16.15,100.0,0.0,2
2026-05-14 17:31:44,579,0.0,0.0,16.15,100.0,0.0,2
2026-05-14 17:31:48,580,0.0,0.0,16.15,100.0,0.0,2
2026-05-14 17:31:52,581,0.0,0.0,16.15,100.0,0.0,2
2026-05-14 17:31:56,582,0.0,0.0,16.15,100.0,0.0,2
2026-05-14 17:32:00,583,0.0,0.0,16.15,100.0,0.0,2
2026-05-14 17:32:04,584,0.0,0.0,16.15,100.0,0.0,2
2026-05-14 17:32:08,585,0.0,0.0,16.15,100.0,0.0,2
2026-05-14 17:32:12,586,0.0,0.0,16.15,100.0,0.0,2
2026-05-14 17:32:16,587,0.0,0.0,16.15,100.0,0.0,2
2026-05-14 17:32:20,588,0.0,0.0,16.15,100.0,0.0,2
2026-05-14 17:32:24,589,0.0,0.0,16.15,100.0,0.0,2
2026-05-14 17:32:28,590,0.0,0.0,16.15,100.0,0.0,2
2026-05-14 17:32:32,591,0.0,0.0,16.15,100.0,0.0,2
2026-05-14 17:32:36,592,0.0,0.0,16.15,100.0,0.0,2
2026-05-14 17:32:40,593,0.0,0.0,16.15,100.0,0.0,2
2026-05-14 17:32:44,594,0.0,0.0,16.15,100.0,0.0,2
2026-05-14 17:32:48,595,0.0,0.0,16.15,100.0,0.0,2
2026-05-14 17:32:52,596,0.0,0.0,16.15,100.0,0.0,2
2026-05-14 17:32:56,597,0.0,0.0,16.15,100.0,0.0,2
2026-05-14 17:33:00,598,0.0,0.0,16.15,100.0,0.0,2
2026-05-14 17:33:04,599,0.0,0.0,16.15,100.0,0.0,2
2026-05-14 17:33:08,600,0.0,0.0,16.15,100.0,0.0,2
2026-05-14 17:33:12,601,0.0,0.0,16.15,100.0,0.0,2
2026-05-14 17:33:16,602,0.0,0.0,16.15,100.0,0.0,2
2026-05-14 17:33:20,603,0.0,0.0,16.15,100.0,0.0,2
2026-05-14 17:33:24,604,0.0,0.0,16.15,100.0,0.0,2
2026-05-14 17:33:28,605,0.0,0.0,16.15,100.0,0.0,2
2026-05-14 17:33:32,606,0.0,0.0,16.15,100.0,0.0,2
2026-05-14 17:33:36,607,0.0,0.0,16.15,100.0,0.0,2
2026-05-14 17:33:40,608,0.0,0.0,16.15,100.0,0.0,2
2026-05-14 17:33:44,609,0.0,0.0,16.15,100.0,0.0,2
2026-05-14 17:33:48,610,0.0,0.0,16.15,100.0,0.0,2
2026-05-14 17:33:52,611,0.0,0.0,16.15,100.0,0.0,2
2026-05-14 17:33:56,612,0.0,0.0,16.15,100.0,0.0,2
2026-05-14 17:34:00,613,0.0,0.0,16.15,100.0,0.0,2
2026-05-14 17:34:04,614,0.0,0.0,16.15,100.0,0.0,2
2026-05-14 17:34:08,615,0.0,0.0,16.15,100.0,0.0,2
2026-05-14 17:34:12,616,0.0,0.0,16.15,100.0,0.0,2
2026-05-14 17:34:16,617,0.0,0.0,16.15,100.0,0.0,2
2026-05-14 17:34:20,618,0.0,0.0,16.15,100.0,0.0,2
2026-05-14 17:34:24,619,0.0,0.0,16.15,100.0,0.0,2
2026-05-14 17:34:28,620,0.0,0.0,16.15,100.0,0.0,2
2026-05-14 17:34:32,621,0.0,0.0,16.15,100.0,0.0,2
2026-05-14 17:34:36,622,0.0,0.0,16.15,100.0,0.0,2
2026-05-14 17:34:40,623,0.0,0.0,16.15,100.0,0.0,2
2026-05-14 17:34:44,624,0.0,0.0,16.15,100.0,0.0,2
2026-05-14 17:34:48,625,0.0,0.0,16.15,100.0,0.0,2
2026-05-14 17:34:52,626,0.0,0.0,16.15,100.0,0.0,2
2026-05-14 17:34:56,627,0.0,0.0,16.15,100.0,0.0,2
2026-05-14 17:35:00,628,0.0,0.0,16.15,100.0,0.0,2
2026-05-14 17:35:04,629,0.0,0.0,16.15,100.0,0.0,2
2026-05-14 17:35:08,630,0.0,0.0,16.15,100.0,0.0,2
2026-05-14 17:35:12,631,0.0,0.0,16.15,100.0,0.0,2
2026-05-14 17:35:16,632,0.0,0.0,16.15,100.0,0.0,2
2026-05-14 17:35:20,633,0.0,0.0,16.15,100.0,0.0,2
2026-05-14 17:35:24,634,0.0,0.0,16.15,100.0,0.0,2
2026-05-14 17:35:28,635,0.0,0.0,16.15,100.0,0.0,2
2026-05-14 17:35:32,636,0.0,0.0,16.15,100.0,0.0,2
2026-05-14 17:35:36,637,0.0,0.0,16.15,100.0,0.0,2
2026-05-14 17:35:40,638,0.0,0.0,16.15,100.0,0.0,2
2026-05-14 17:35:44,639,0.0,0.0,16.15,100.0,0.0,2
2026-05-14 17:35:48,640,0.0,0.0,16.15,100.0,0.0,2
2026-05-14 17:35:52,641,0.0,0.0,16.15,100.0,0.0,2
2026-05-14 17:35:56,642,0.0,0.0,16.15,100.0,0.0,2
2026-05-14 17:36:00,643,0.0,0.0,16.15,100.0,0.0,2
2026-05-14 17:36:04,644,0.0,0.0,16.15,100.0,0.0,2
2026-05-14 17:36:08,645,0.0,0.0,16.15,100.0,0.0,2
2026-05-14 17:36:12,646,0.0,0.0,16.15,100.0,0.0,2
2026-05-14 17:36:16,647,0.0,0.0,16.15,100.0,0.0,2
2026-05-14 17:36:20,648,0.0,0.0,16.15,100.0,0.0,2
2026-05-14 17:36:24,649,0.0,0.0,16.15,100.0,0.0,2
2026-05-14 17:36:28,650,0.0,0.0,16.15,100.0,0.0,2
2026-05-14 17:36:32,651,0.0,0.0,16.15,100.0,0.0,2
2026-05-14 17:36:36,652,0.0,0.0,16.15,100.0,0.0,2
2026-05-14 17:36:40,653,0.0,0.0,16.15,100.0,0.0,2
2026-05-14 17:36:44,654,0.0,0.0,16.15,100.0,0.0,2
2026-05-14 17:36:48,655,0.0,0.0,16.15,100.0,0.0,2
2026-05-14 17:36:52,656,0.0,0.0,16.15,100.0,0.0,2
2026-05-14 17:36:56,657,0.0,0.0,16.15,100.0,0.0,2
2026-05-14 17:37:00,658,0.0,0.0,16.15,100.0,0.0,2
2026-05-14 17:37:04,659,0.0,0.0,16.15,100.0,0.0,2
2026-05-14 17:37:08,660,0.0,0.0,16.15,100.0,0.0,2
2026-05-14 17:37:12,661,0.0,0.0,16.15,100.0,0.0,2
2026-05-14 17:37:16,662,0.0,0.0,16.15,100.0,0.0,2
2026-05-14 17:37:20,663,0.0,0.0,16.15,100.0,0.0,2
2026-05-14 17:37:24,664,0.0,0.0,16.15,100.0,0.0,2
2026-05-14 17:37:28,665,0.0,0.0,16.15,100.0,0.0,2
2026-05-14 17:37:32,666,0.0,0.0,16.15,100.0,0.0,2
2026-05-14 17:37:36,667,0.0,0.0,16.15,100.0,0.0,2
2026-05-14 17:37:40,668,0.0,0.0,16.15,100.0,0.0,2
2026-05-14 17:37:44,669,0.0,0.0,16.15,100.0,0.0,2
2026-05-14 17:37:48,670,0.0,0.0,16.15,100.0,0.0,2
2026-05-14 17:37:52,671,0.0,0.0,16.15,100.0,0.0,2
2026-05-14 17:37:56,672,0.0,0.0,16.15,100.0,0.0,2
2026-05-14 17:38:00,673,0.0,0.0,16.15,100.0,0.0,2
2026-05-14 17:38:04,674,0.0,0.0,16.15,100.0,0.0,2
2026-05-14 17:38:08,675,0.0,0.0,16.15,100.0,0.0,2
2026-05-14 17:38:12,676,0.0,0.0,16.15,100.0,0.0,2
2026-05-14 17:38:16,677,0.0,0.0,16.15,100.0,0.0,2
2026-05-14 17:38:20,678,0.0,0.0,16.15,100.0,0.0,2
2026-05-14 17:38:24,679,0.0,0.0,16.15,100.0,0.0,2
2026-05-14 17:38:28,680,0.0,0.0,16.15,100.0,0.0,2
2026-05-14 17:38:32,681,0.0,0.0,16.15,100.0,0.0,2
2026-05-14 17:38:36,682,0.0,0.0,16.15,100.0,0.0,2
2026-05-14 17:38:40,683,0.0,0.0,16.15,100.0,0.0,2
2026-05-14 17:38:44,684,0.0,0.0,16.15,100.0,0.0,2
2026-05-14 17:38:48,685,0.0,0.0,16.15,100.0,0.0,2
2026-05-14 17:38:52,686,0.0,0.0,16.15,100.0,0.0,2
2026-05-14 17:38:56,687,0.0,0.0,16.15,100.0,0.0,2
2026-05-14 17:39:00,688,0.0,0.0,16.15,100.0,0.0,2
2026-05-14 17:39:04,689,0.0,0.0,16.15,100.0,0.0,2
2026-05-14 17:39:08,690,0.0,0.0,16.15,100.0,0.0,2
2026-05-14 17:39:12,691,0.0,0.0,16.15,100.0,0.0,2
2026-05-14 17:39:16,692,0.0,0.0,16.15,100.0,0.0,2
2026-05-14 17:39:20,693,0.0,0.0,16.15,100.0,0.0,2
2026-05-14 17:39:24,694,0.0,0.0,16.15,100.0,0.0,2
2026-05-14 17:39:28,695,0.0,0.0,16.15,100.0,0.0,2
2026-05-14 17:39:32,696,0.0,0.0,16.15,100.0,0.0,2
2026-05-14 17:39:36,697,0.0,0.0,16.15,100.0,0.0,2
2026-05-14 17:39:40,698,0.0,0.0,16.15,100.0,0.0,2
2026-05-14 17:39:44,699,0.0,0.0,16.15,100.0,0.0,2
2026-05-14 17:39:48,700,0.0,0.0,16.15,100.0,0.0,2
2026-05-14 17:39:52,701,0.0,0.0,16.15,100.0,0.0,2
2026-05-14 17:39:56,702,0.0,0.0,16.15,100.0,0.0,2
2026-05-14 17:40:00,703,0.0,0.0,16.15,100.0,0.0,2
2026-05-14 17:40:04,704,0.0,0.0,16.15,100.0,0.0,2
2026-05-14 17:40:08,705,0.0,0.0,16.15,100.0,0.0,2
2026-05-14 17:40:12,706,0.0,0.0,16.15,100.0,0.0,2
2026-05-14 17:40:16,707,0.0,0.0,16.15,100.0,0.0,2
2026-05-14 17:40:20,708,0.0,0.0,16.15,100.0,0.0,2
2026-05-14 17:40:24,709,0.0,0.0,16.15,100.0,0.0,2
2026-05-14 17:40:28,710,0.0,0.0,16.15,100.0,0.0,2
2026-05-14 17:40:32,711,0.0,0.0,16.15,100.0,0.0,2
2026-05-14 17:40:36,712,0.0,0.0,16.15,100.0,0.0,2
2026-05-14 17:40:40,713,0.0,0.0,16.15,100.0,0.0,2
2026-05-14 17:40:44,714,0.0,0.0,16.15,100.0,0.0,2
2026-05-14 17:40:48,715,0.0,0.0,16.15,100.0,0.0,2
2026-05-14 17:40:52,716,0.0,0.0,16.15,100.0,0.0,2
2026-05-14 17:40:56,717,0.0,0.0,16.15,100.0,0.0,2
2026-05-14 17:41:00,718,0.0,0.0,16.15,100.0,0.0,2
2026-05-14 17:41:04,719,0.0,0.0,16.15,100.0,0.0,2
2026-05-14 17:41:08,720,0.0,0.0,16.15,100.0,0.0,2
2026-05-14 17:41:12,721,0.0,0.0,16.15,100.0,0.0,2
2026-05-14 17:41:16,722,0.0,0.0,16.15,100.0,0.0,2
2026-05-14 17:41:20,723,0.0,0.0,16.15,100.0,0.0,2
2026-05-14 17:41:24,724,0.0,0.0,16.15,100.0,0.0,2
2026-05-14 17:41:28,725,0.0,0.0,16.15,100.0,0.0,2
2026-05-14 17:41:32,726,0.0,0.0,16.15,100.0,0.0,2
2026-05-14 17:41:36,727,0.0,0.0,16.15,100.0,0.0,2
2026-05-14 17:41:40,728,0.0,0.0,16.15,100.0,0.0,2
2026-05-14 17:41:44,729,0.0,0.0,16.15,100.0,0.0,2
2026-05-14 17:41:48,730,0.0,0.0,16.15,100.0,0.0,2
2026-05-14 17:41:52,731,0.0,0.0,16.15,100.0,0.0,2
2026-05-14 17:41:56,732,0.0,0.0,16.15,100.0,0.0,2
2026-05-14 17:42:00,733,0.0,0.0,16.15,100.0,0.0,2
2026-05-14 17:42:04,734,0.0,0.0,16.15,100.0,0.0,2
2026-05-14 17:42:08,735,0.0,0.0,16.15,100.0,0.0,2
2026-05-14 17:42:12,736,0.0,0.0,16.15,100.0,0.0,2
2026-05-14 17:42:16,737,0.0,0.0,16.15,100.0,0.0,2
2026-05-14 17:42:20,738,0.0,0.0,16.15,100.0,0.0,2
2026-05-14 17:42:24,739,0.0,0.0,16.15,100.0,0.0,2
2026-05-14 17:42:28,740,0.0,0.0,16.15,100.0,0.0,2
2026-05-14 17:42:32,741,0.0,0.0,16.15,100.0,0.0,2
2026-05-14 17:42:36,742,0.0,0.0,16.15,100.0,0.0,2
2026-05-14 17:42:40,743,0.0,0.0,16.15,100.0,0.0,2
2026-05-14 17:42:44,744,0.0,0.0,16.15,100.0,0.0,2
2026-05-14 17:42:48,745,0.0,0.0,16.15,100.0,0.0,2
2026-05-14 17:42:52,746,0.0,0.0,16.15,100.0,0.0,2
2026-05-14 17:42:56,747,0.0,0.0,16.15,100.0,0.0,2
2026-05-14 17:43:00,748,0.0,0.0,16.15,100.0,0.0,2
2026-05-14 17:43:04,749,0.0,0.0,16.15,100.0,0.0,2
2026-05-14 17:43:08,750,0.0,0.0,16.15,100.0,0.0,2
2026-05-14 17:43:12,751,0.0,0.0,16.15,100.0,0.0,2
2026-05-14 17:43:16,752,0.0,0.0,16.15,100.0,0.0,2
2026-05-14 17:43:20,753,0.0,0.0,16.15,100.0,0.0,2
2026-05-14 17:43:24,754,0.0,0.0,16.15,100.0,0.0,2
2026-05-14 17:43:28,755,0.0,0.0,16.15,100.0,0.0,2
2026-05-14 17:43:32,756,0.0,0.0,16.15,100.0,0.0,2
2026-05-14 17:43:36,757,0.0,0.0,16.15,100.0,0.0,2
2026-05-14 17:43:40,758,0.0,0.0,16.15,100.0,0.0,2
2026-05-14 17:43:44,759,0.0,0.0,16.15,100.0,0.0,2
2026-05-14 17:43:48,760,0.0,0.0,16.15,100.0,0.0,2
2026-05-14 17:43:52,761,0.0,0.0,16.15,100.0,0.0,2
2026-05-14 17:43:56,762,0.0,0.0,16.15,100.0,0.0,2
2026-05-14 17:44:00,763,0.0,0.0,16.15,100.0,0.0,2
2026-05-14 17:44:04,764,0.0,0.0,16.15,100.0,0.0,2
2026-05-14 17:44:08,765,0.0,0.0,16.15,100.0,0.0,2
2026-05-14 17:44:12,766,0.0,0.0,16.15,100.0,0.0,2
2026-05-14 17:44:16,767,0.0,0.0,16.15,100.0,0.0,2
2026-05-14 17:44:20,768,0.0,0.0,16.15,100.0,0.0,2
2026-05-14 17:44:24,769,0.0,0.0,16.15,100.0,0.0,2
2026-05-14 17:44:28,770,0.0,0.0,16.15,100.0,0.0,2
2026-05-14 17:44:32,771,0.0,0.0,16.15,100.0,0.0,2
2026-05-14 17:44:36,772,0.0,0.0,16.15,100.0,0.0,2
2026-05-14 17:44:40,773,0.0,0.0,16.15,100.0,0.0,2
2026-05-14 17:44:44,774,0.0,0.0,16.15,100.0,0.0,2
2026-05-14 17:44:48,775,0.0,0.0,16.15,100.0,0.0,2
2026-05-14 17:44:52,776,0.0,0.0,16.15,100.0,0.0,2
2026-05-14 17:44:56,777,0.0,0.0,16.15,100.0,0.0,2
2026-05-14 17:45:00,778,0.0,0.0,16.15,100.0,0.0,2
2026-05-14 17:45:04,779,0.0,0.0,16.15,100.0,0.0,2
2026-05-14 17:45:08,780,0.0,0.0,16.15,100.0,0.0,2
2026-05-14 17:45:12,781,0.0,0.0,16.15,100.0,0.0,2
2026-05-14 17:45:16,782,0.0,0.0,16.15,100.0,0.0,2
2026-05-14 17:45:20,783,0.0,0.0,16.15,100.0,0.0,2
2026-05-14 17:45:24,784,0.0,0.0,16.15,100.0,0.0,2
2026-05-14 17:45:28,785,0.0,0.0,16.15,100.0,0.0,2
2026-05-14 17:45:32,786,0.0,0.0,16.15,100.0,0.0,2
2026-05-14 17:45:36,787,0.0,0.0,16.15,100.0,0.0,2
2026-05-14 17:45:40,788,0.0,0.0,16.15,100.0,0.0,2
2026-05-14 17:45:44,789,0.0,0.0,16.15,100.0,0.0,2
2026-05-14 17:45:48,790,0.0,0.0,16.15,100.0,0.0,2
2026-05-14 17:45:52,791,0.0,0.0,16.15,100.0,0.0,2
2026-05-14 17:45:56,792,0.0,0.0,16.15,100.0,0.0,2
2026-05-14 17:46:00,793,0.0,0.0,16.15,100.0,0.0,2
2026-05-14 17:46:04,794,0.0,0.0,16.15,100.0,0.0,2
2026-05-14 17:46:08,795,0.0,0.0,16.15,100.0,0.0,2
2026-05-14 17:46:12,796,0.0,0.0,16.15,100.0,0.0,2
2026-05-14 17:46:16,797,0.0,0.0,16.15,100.0,0.0,2
2026-05-14 17:46:20,798,0.0,0.0,16.15,100.0,0.0,2
2026-05-14 17:46:24,799,0.0,0.0,16.15,100.0,0.0,2
2026-05-14 17:46:28,800,0.0,0.0,16.15,100.0,0.0,2
2026-05-14 17:46:32,801,0.0,0.0,16.15,100.0,0.0,2
2026-05-14 17:46:36,802,0.0,0.0,16.15,100.0,0.0,2
2026-05-14 17:46:40,803,0.0,0.0,16.15,100.0,0.0,2
2026-05-14 17:46:44,804,0.0,0.0,16.15,100.0,0.0,2
2026-05-14 17:46:48,805,0.0,0.0,16.15,100.0,0.0,2
2026-05-14 17:46:52,806,0.0,0.0,16.15,100.0,0.0,2
2026-05-14 17:46:56,807,0.0,0.0,16.15,100.0,0.0,2
2026-05-14 17:47:00,808,0.0,0.0,16.15,100.0,0.0,2
2026-05-14 17:47:04,809,0.0,0.0,16.15,100.0,0.0,2
2026-05-14 17:47:08,810,0.0,0.0,16.15,100.0,0.0,2
2026-05-14 17:47:12,811,0.0,0.0,16.15,100.0,0.0,2
2026-05-14 17:47:16,812,0.0,0.0,16.15,100.0,0.0,2
2026-05-14 17:47:20,813,0.0,0.0,16.15,100.0,0.0,2
2026-05-14 17:47:24,814,0.0,0.0,16.15,100.0,0.0,2
2026-05-14 17:47:28,815,0.0,0.0,16.15,100.0,0.0,2
2026-05-14 17:47:32,816,0.0,0.0,16.15,100.0,0.0,2
2026-05-14 17:47:36,817,0.0,0.0,16.15,100.0,0.0,2
2026-05-14 17:47:40,818,0.0,0.0,16.15,100.0,0.0,2
2026-05-14 17:47:44,819,0.0,0.0,16.15,100.0,0.0,2
2026-05-14 17:47:48,820,0.0,0.0,16.15,100.0,0.0,2
2026-05-14 17:47:52,821,0.0,0.0,16.15,100.0,0.0,2
2026-05-14 17:47:56,822,0.0,0.0,16.15,100.0,0.0,2
2026-05-14 17:48:00,823,0.0,0.0,16.15,100.0,0.0,2
2026-05-14 17:48:04,824,0.0,0.0,16.15,100.0,0.0,2
2026-05-14 17:48:08,825,0.0,0.0,16.15,100.0,0.0,2
2026-05-14 17:48:12,826,0.0,0.0,16.15,100.0,0.0,2
2026-05-14 17:48:16,827,0.0,0.0,16.15,100.0,0.0,2
2026-05-14 17:48:20,828,0.0,0.0,16.15,100.0,0.0,2
2026-05-14 17:48:24,829,0.0,0.0,16.15,100.0,0.0,2
2026-05-14 17:48:28,830,0.0,0.0,16.15,100.0,0.0,2
2026-05-14 17:48:32,831,0.0,0.0,16.15,100.0,0.0,2
2026-05-14 17:48:36,832,0.0,0.0,16.15,100.0,0.0,2
2026-05-14 17:48:40,833,0.0,0.0,16.15,100.0,0.0,2
2026-05-14 17:48:44,834,0.0,0.0,16.15,100.0,0.0,2
2026-05-14 17:48:48,835,0.0,0.0,16.15,100.0,0.0,2
2026-05-14 17:48:52,836,0.0,0.0,16.15,100.0,0.0,2
2026-05-14 17:48:56,837,0.0,0.0,16.15,100.0,0.0,2
2026-05-14 17:49:00,838,0.0,0.0,16.15,100.0,0.0,2
2026-05-14 17:49:04,839,0.0,0.0,16.15,100.0,0.0,2
2026-05-14 17:49:08,840,0.0,0.0,16.15,100.0,0.0,2
2026-05-14 17:49:12,841,0.0,0.0,16.15,100.0,0.0,2
2026-05-14 17:49:16,842,0.0,0.0,16.15,100.0,0.0,2
2026-05-14 17:49:20,843,0.0,0.0,16.15,100.0,0.0,2
2026-05-14 17:49:24,844,0.0,0.0,16.15,100.0,0.0,2
2026-05-14 17:49:28,845,0.0,0.0,16.15,100.0,0.0,2
2026-05-14 17:49:32,846,0.0,0.0,16.15,100.0,0.0,2
2026-05-14 17:49:36,847,0.0,0.0,16.15,100.0,0.0,2
2026-05-14 17:49:40,848,0.0,0.0,16.15,100.0,0.0,2
2026-05-14 17:49:44,849,0.0,0.0,16.15,100.0,0.0,2
2026-05-14 17:49:48,850,0.0,0.0,16.15,100.0,0.0,2
2026-05-14 17:49:52,851,0.0,0.0,16.15,100.0,0.0,2
2026-05-14 17:49:56,852,0.0,0.0,16.15,100.0,0.0,2
2026-05-14 17:50:00,853,0.0,0.0,16.15,100.0,0.0,2
2026-05-14 17:50:04,854,0.0,0.0,16.15,100.0,0.0,2
2026-05-14 17:50:08,855,0.0,0.0,16.15,100.0,0.0,2
2026-05-14 17:50:12,856,0.0,0.0,16.15,100.0,0.0,2
2026-05-14 17:50:16,857,0.0,0.0,16.15,100.0,0.0,2
2026-05-14 17:50:20,858,0.0,0.0,16.15,100.0,0.0,2
2026-05-14 17:50:24,859,0.0,0.0,16.15,100.0,0.0,2
2026-05-14 17:50:28,860,0.0,0.0,16.15,100.0,0.0,2
2026-05-14 17:50:32,861,0.0,0.0,16.15,100.0,0.0,2
2026-05-14 17:50:36,862,0.0,0.0,16.15,100.0,0.0,2
2026-05-14 17:50:40,863,0.0,0.0,16.15,100.0,0.0,2
2026-05-14 17:50:44,864,0.0,0.0,16.15,100.0,0.0,2
2026-05-14 17:50:48,865,0.0,0.0,16.15,100.0,0.0,2
2026-05-14 17:50:52,866,0.0,0.0,16.15,100.0,0.0,2
2026-05-14 17:50:56,867,0.0,0.0,16.15,100.0,0.0,2
2026-05-14 17:51:00,868,0.0,0.0,16.15,100.0,0.0,2
2026-05-14 17:51:04,869,0.0,0.0,16.15,100.0,0.0,2
2026-05-14 17:51:08,870,0.0,0.0,16.15,100.0,0.0,2
2026-05-14 17:51:12,871,0.0,0.0,16.15,100.0,0.0,2
2026-05-14 17:51:16,872,0.0,0.0,16.15,100.0,0.0,2
2026-05-14 17:51:20,873,0.0,0.0,16.15,100.0,0.0,2
2026-05-14 17:51:24,874,0.0,0.0,16.15,100.0,0.0,2
2026-05-14 17:51:28,875,0.0,0.0,16.15,100.0,0.0,2
2026-05-14 17:51:32,876,0.0,0.0,16.15,100.0,0.0,2
2026-05-14 17:51:36,877,0.0,0.0,16.15,100.0,0.0,2
2026-05-14 17:51:40,878,0.0,0.0,16.15,100.0,0.0,2
2026-05-14 17:51:44,879,0.0,0.0,16.15,100.0,0.0,2
2026-05-14 17:51:48,880,0.0,0.0,16.15,100.0,0.0,2
2026-05-14 17:51:52,881,0.0,0.0,16.15,100.0,0.0,2
2026-05-14 17:51:56,882,0.0,0.0,16.15,100.0,0.0,2
2026-05-14 17:52:00,883,0.0,0.0,16.15,100.0,0.0,2
2026-05-14 17:52:04,884,0.0,0.0,16.15,100.0,0.0,2
2026-05-14 17:52:08,885,0.0,0.0,16.15,100.0,0.0,2
2026-05-14 17:52:12,886,0.0,0.0,16.15,100.0,0.0,2
2026-05-14 17:52:16,887,0.0,0.0,16.15,100.0,0.0,2
2026-05-14 17:52:20,888,0.0,0.0,16.15,100.0,0.0,2
2026-05-14 17:52:24,889,0.0,0.0,16.15,100.0,0.0,2
2026-05-14 17:52:28,890,0.0,0.0,16.15,100.0,0.0,2
2026-05-14 17:52:32,891,0.0,0.0,16.15,100.0,0.0,2
2026-05-14 17:52:36,892,0.0,0.0,16.15,100.0,0.0,2
2026-05-14 17:52:40,893,0.0,0.0,16.15,100.0,0.0,2
2026-05-14 17:52:44,894,0.0,0.0,16.15,100.0,0.0,2
2026-05-14 17:52:48,895,0.0,0.0,16.15,100.0,0.0,2
2026-05-14 17:52:52,896,0.0,0.0,16.15,100.0,0.0,2
2026-05-14 17:52:56,897,0.0,0.0,16.15,100.0,0.0,2
2026-05-14 17:53:00,898,0.0,0.0,16.15,100.0,0.0,2
2026-05-14 17:53:04,899,0.0,0.0,16.15,100.0,0.0,2
2026-05-14 17:53:08,900,0.0,0.0,16.15,100.0,0.0,2
